time,x_diff,y_diff,z_diff,vx_diff,vy_diff,vz_diff
2451644.5,-0.0110111296906157,-0.0424486850288688,-0.0088018833433142,-0.0009860826262386,4.96624596033682e-05,1.46110494032286e-05
2451645.5,-0.0084531055908228,-0.0404322468794757,-0.0081902790931843,-0.0010067028478063,4.96787643399187e-05,2.06626556691811e-05
2451646.5,-0.0062315860991113,-0.038623179219746,-0.0075162254111294,-0.0010237139318893,5.77722161053621e-05,2.71159513445108e-05
2451647.5,-0.0046739405712068,-0.0371387668384485,-0.0067496705884753,-0.0010380810670118,7.67566922454267e-05,3.45663451817428e-05
2451648.5,-0.0022485893997596,-0.0353440786626339,-0.0059665649190721,-0.0010267439037315,9.9773825010481e-05,4.01883139595955e-05
2451649.5,0.0022719436302134,-0.0328630110770172,-0.0051840016541104,-0.0009076775347009,0.0001527408147565,3.9235063946656e-05
2451650.5,0.0069615718843409,-0.0302544127516419,-0.0043721714110508,-0.0007870552737223,0.0002054454382663,3.81980017695744e-05
2451651.5,0.0109127327738834,-0.0289936961559293,-0.0037025223398922,-0.0006890533619807,0.0002403521532534,3.85351314756697e-05
2451652.5,0.0128789517434427,-0.0313004604802706,-0.0034098088518463,-0.0006524719712797,0.0002260081749123,4.26254646005333e-05
2451653.5,0.0149274150595782,-0.0335362635098085,-0.0031093389942888,-0.0006139222180213,0.0002140844869529,4.65704781895619e-05
2451654.5,0.0170730022063565,-0.0357398146366874,-0.0027985932083919,-0.0005748761072535,0.0002043303355979,5.04595006319327e-05
2451655.5,0.0193067512921601,-0.0378751004663004,-0.0024901565306342,-0.0005327165412981,0.0001962821141989,5.41080954367869e-05
2451656.5,0.021628760939467,-0.0399342024131193,-0.0021844904024785,-0.0004873934923929,0.0001898314628667,5.75340826060786e-05
2451657.5,0.0240031292896759,-0.0418885396921558,-0.0018925712166813,-0.0004369145478302,0.0001848769463636,6.0610736920553e-05
2451658.5,0.0264477187051539,-0.0437295192848436,-0.0016057265996131,-0.0003829556718737,0.0001814050720448,6.34163822125927e-05
2451659.5,0.0289632263400355,-0.0454212690611051,-0.0013298260841842,-0.0003275755089471,0.0001781705985433,6.58788584667577e-05
2451660.5,0.0315542842739212,-0.0447501018084079,-0.0013495196352749,-0.0003201899052838,0.0001003886438701,6.14230861326556e-05
2451661.5,0.0345848224851715,-0.0466205148552592,-0.0014793797539153,-0.0003052881035588,4.85151524336619e-05,5.61857635481427e-05
2451662.5,0.0368034862518962,-0.0496744833876833,-0.0016650962369112,-0.0003269777307301,2.95742950310578e-05,5.51220125589314e-05
2451663.5,0.0374516140844408,-0.0516684546928025,-0.0017691229344558,-0.0003485112546402,1.05418719436191e-05,5.29933184098027e-05
2451664.5,0.0381058557718847,-0.0535676504537825,-0.0018743484761849,-0.000369345788285,-6.45598413458875e-06,5.07079328913994e-05
2451665.5,0.0380268643730266,-0.0553535948931424,-0.0020016149212114,-0.0003926203811915,-2.0572428563825e-05,4.77742504236959e-05
2451666.5,0.0378469164231003,-0.0570290487379476,-0.0021278077312964,-0.0004168770343944,-3.30892778018146e-05,4.45982637474519e-05
2451667.5,0.0376757955691056,-0.0585589406777777,-0.0022530674225817,-0.0004411364150893,-4.43967368170799e-05,4.13078849226822e-05
2451668.5,0.0372060544030208,-0.0594038414775746,-0.0024291911436776,-0.0004438560261558,-5.48939945154876e-05,3.94934699910925e-05
2451669.5,0.0367838715340549,-0.0600925129947175,-0.0026042358816743,-0.0004467304655196,-6.4198537409502e-05,3.73437535440046e-05
2451670.5,0.0363968455291954,-0.0606261127047705,-0.0027790551266694,-0.0004496958269056,-7.22553609660524e-05,3.48851194059787e-05
2451671.5,0.0359775017765669,-0.0609716602421707,-0.0029528350944367,-0.0004525899400591,-7.86356899848475e-05,3.21291996385035e-05
2451672.5,0.0354566982535236,-0.0611245623653683,-0.0031230648915798,-0.000457146338403,-8.3585654024193e-05,2.91377169667525e-05
2451673.5,0.0348436149606279,-0.0610833998909749,-0.0032889488495425,-0.0004638980825617,-8.72328065315148e-05,2.59329609853002e-05
2451674.5,0.0339998523130747,-0.0609880909653179,-0.0034252475048504,-0.0004735170080136,-9.04699562209767e-05,2.27433073969551e-05
2451675.5,0.0312178603524917,-0.0608553653619548,-0.0033425195775984,-0.0004987504915782,-9.55447000941072e-05,2.17734287257592e-05
2451676.5,0.0283383551131551,-0.060524285553449,-0.0032490968840617,-0.0005263257069932,-9.978604081789e-05,2.06250818962394e-05
2451677.5,0.0253665886665267,-0.0600678761113911,-0.0031448752675438,-0.000555989740682,-0.0001035606815873,1.9245123259505e-05
2451678.5,0.0257530822040258,-0.0585240809438197,-0.0032015698514391,-0.0005678881613113,-9.52545244282711e-05,1.97863915690631e-05
2451679.5,0.0270991161188275,-0.0565690909535453,-0.0033025299004177,-0.0005754995364315,-8.27402034128764e-05,2.07487572391138e-05
2451680.5,0.0283343212947018,-0.0544932296478889,-0.0033946371649733,-0.0005849962451103,-6.97075278243021e-05,2.14350343738976e-05
2451681.5,0.0295172419253344,-0.0523087776888712,-0.0034747532483161,-0.0005965250508621,-5.61077287712201e-05,2.18336337091936e-05
2451682.5,0.0306573688763596,-0.0499685428794471,-0.0035395026667819,-0.000610353834106,-4.22754993139492e-05,2.19291502411608e-05
2451683.5,0.0317125766386274,-0.0474936522816855,-0.0035956738346002,-0.0006268650769278,-2.81913923717517e-05,2.17080670344076e-05
2451684.5,0.0339474535274252,-0.0467958447870452,-0.0035711026442573,-0.0006182995394113,-1.66175900782675e-05,2.34120896134731e-05
2451685.5,0.0369087235340587,-0.047164743626969,-0.0034922868328359,-0.0005944191610186,-6.53487860079877e-06,2.62358930807991e-05
2451686.5,0.0397993717493114,-0.0474209547327427,-0.0034056780246774,-0.0005726516561828,3.74766002765418e-06,2.87974546642959e-05
2451687.5,0.0426356300628269,-0.0475792745252512,-0.0033101496455207,-0.0005526253641914,1.41581655661391e-05,3.11231671672367e-05
2451688.5,0.0454969122498092,-0.0476136814623394,-0.0031960900961269,-0.000533909084666,2.45877352503237e-05,3.33359541869892e-05
2451689.5,0.0484072602660647,-0.0475336893809342,-0.0030638131147177,-0.000516720817043,3.48587538926502e-05,3.55088191137569e-05
2451690.5,0.0506624673436249,-0.0461366432651107,-0.0029432645409703,-0.0005063329194442,5.12040998104403e-05,3.79306207517107e-05
2451691.5,0.0507252333481045,-0.0449221944891125,-0.0028810210317174,-0.0005117552213895,5.50622460118288e-05,3.99964020121343e-05
2451692.5,0.0489148839034227,-0.044226402968768,-0.0028601590459785,-0.0005308431787322,4.51301947913506e-05,4.16379007600339e-05
2451693.5,0.0470654184664265,-0.0433147798236992,-0.0028216305405521,-0.0005508324558201,3.51776589677163e-05,4.3163478347125e-05
2451694.5,0.0451573709787891,-0.0421689960256009,-0.002766700982997,-0.000571265295985,2.52058594678185e-05,4.45467050686495e-05
2451695.5,0.0431890380011793,-0.0407874217130433,-0.0026948934466888,-0.0005920928785237,1.52283007449246e-05,4.58072706070928e-05
2451696.5,0.0411573455356666,-0.0391654564846617,-0.0026064398331722,-0.0006132813717644,5.24934591765447e-06,4.69266987829806e-05
2451697.5,0.0390655379356143,-0.0373082846237838,-0.0024977285492336,-0.000635019620738,-4.76745328915722e-06,4.79111532826053e-05
2451698.5,0.0369428473465947,-0.0352110861916708,-0.0023689934883768,-0.0006566211204151,-1.46683928745513e-05,4.86862557899551e-05
2451699.5,0.0347801802002827,-0.032883355562523,-0.0022229207550258,-0.0006779945764806,-2.43778421642384e-05,4.92015101117927e-05
2451700.5,0.032555568300922,-0.0303210062942421,-0.0020594555930929,-0.000699212705532,-3.3965769292656e-05,4.94750053078366e-05
2451701.5,0.0302935349522629,-0.0275197224179535,-0.0018784771281321,-0.0007199506497911,-4.34237625575743e-05,4.95075003997534e-05
2451702.5,0.027991900352177,-0.0244794882446084,-0.0016790607440393,-0.0007401276608054,-5.26734171690654e-05,4.93217727204349e-05
2451703.5,0.0236843325103374,-0.0234514449125423,-0.0016654195659777,-0.000742539798245,-3.76998012199242e-05,4.78107456258816e-05
2451704.5,0.0178161625336268,-0.0239702007358622,-0.001794475389313,-0.0007307824561294,-3.42497149202151e-06,4.52471116991867e-05
2451705.5,0.0137981712724218,-0.0274041688628746,-0.0015158334023402,-0.0007316159242036,4.56785093250235e-05,4.6221829345031e-05
2451706.5,0.0097790024639069,-0.0306559522411392,-0.0012195864444731,-0.0007333025225397,9.52950565373803e-05,4.69373320273116e-05
2451707.5,0.0063898921383962,-0.0327376894862426,-0.0009533697174001,-0.0007342849718509,0.0001052021419488,4.82769517644043e-05
2451708.5,0.0031908607692566,-0.0342493949107914,-0.0006904848159346,-0.0007358606121859,0.0001000458351432,4.9699634009371e-05
2451709.5,-1.80442633351818e-05,-0.0355386053966893,-0.00041546963353,-0.0007380509894172,9.47562963402523e-05,5.08490876330132e-05
2451710.5,-0.0032231536486715,-0.0365915422024261,-0.0001277938380493,-0.0007407585595502,8.91651934585022e-05,5.17129243632092e-05
2451711.5,-0.0064452507976736,-0.0374073088158782,0.0001681547203161,-0.0007441913741824,8.33208318219902e-05,5.22625857548034e-05
2451712.5,-0.0096805633670881,-0.0379884733175677,0.0004724652025065,-0.0007480332736246,7.73167867919615e-05,5.25557881819134e-05
2451713.5,-0.0129537519131173,-0.0383403530262703,0.0007815975597924,-0.0007521190979217,7.10660534901852e-05,5.25312823120506e-05
2451714.5,-0.0162976444384898,-0.0384714912417121,0.0010848658701877,-0.0007560761293128,6.4517109979169e-05,5.20700870140995e-05
2451715.5,-0.019392330396484,-0.0384955810968566,0.0013840259248622,-0.0007608365620926,5.70355141893079e-05,5.14428729985995e-05
2451716.5,-0.0185614443520773,-0.039621379412216,0.0017015602833584,-0.0007761486208774,4.24501958050097e-05,5.36314004063959e-05
2451717.5,-0.0177982505367708,-0.040524571886412,0.0020201944694665,-0.0007914867017626,2.79397418838211e-05,5.55036548934488e-05
2451718.5,-0.0170850995594305,-0.0411883386998104,0.0023394319855272,-0.0008061843161474,1.38832291102188e-05,5.70250348594064e-05
2451719.5,-0.0163351433052279,-0.0416352060186,0.0026603402351587,-0.0008200295969336,5.13588461666277e-07,5.82547193531488e-05
2451720.5,-0.0154751855289207,-0.041906780346024,0.0029853568160374,-0.0008331470224005,-1.20344365078934e-05,5.92408356078823e-05
2451721.5,-0.0145026044293817,-0.0420091506023439,0.0033141172022125,-0.0008456220949162,-2.38123032879432e-05,5.99858251258961e-05
2451722.5,-0.0134184167739982,-0.0419457898274749,0.0036459432450458,-0.0008574054164052,-3.47494067587887e-05,6.04744992571231e-05
2451723.5,-0.0122376194467163,-0.0417174359145456,0.003978695790393,-0.0008684533198018,-4.4762979735968e-05,6.07044814358964e-05
2451724.5,-0.0109984879164916,-0.0413192305339443,0.004310682033398,-0.0008784196028089,-5.35601906464424e-05,6.07115270370482e-05
2451725.5,-0.0097036869937858,-0.0407526400134155,0.00464171350667,-0.000887378235993,-6.11159165447737e-05,6.04863441655631e-05
2451726.5,-0.0083171119315942,-0.0400613372895147,0.0049745365970599,-0.0008957153311121,-6.76010352672826e-05,6.0010856857628e-05
2451727.5,-0.0068482589489777,-0.0392431062021117,0.005308380347729,-0.0009034557963185,-7.30238702214185e-05,5.92597757888766e-05
2451728.5,-0.0052870775048192,-0.0383270890776808,0.0056441122643562,-0.0009110791765765,-7.73114530559942e-05,5.82351154618108e-05
2451729.5,-0.0046010667500816,-0.0370595510099234,0.0058280145451755,-0.0009088355226182,-8.24764820099759e-05,5.847633293374e-05
2451730.5,-0.0070646211462759,-0.0347639281259309,0.0054977971775285,-0.0008730107890467,-9.31535354607152e-05,6.36083819160119e-05
2451731.5,-0.0094437759325798,-0.0323460470220818,0.0051695482431022,-0.0008374617229576,-0.000102394544314,6.84847027824105e-05
2451732.5,-0.0117008398035104,-0.029809683941135,0.0048431491456273,-0.0008020184276216,-0.0001100859330398,7.3101152334481e-05
2451733.5,-0.0138002417586612,-0.027162912985631,0.0045182422205997,-0.000766726301263,-0.0001161606792168,7.74399688557147e-05
2451734.5,-0.0157523704791404,-0.0244007015508863,0.0041943797486643,-0.0007314669903361,-0.0001205417401184,8.14989626772976e-05
2451735.5,-0.0174775864923196,-0.0214884594366906,0.0038705322186113,-0.0006944626870922,-0.0001232766333807,8.5247947397816e-05
2451736.5,-0.018996987000828,-0.0184409553950393,0.0035462655199697,-0.0006562780241487,-0.0001243756239761,8.86612482684771e-05
2451737.5,-0.020275914052671,-0.0152567520233884,0.0032230224432667,-0.0006164170235787,-0.0001238301224262,9.17763460170793e-05
2451738.5,-0.0213683171574269,-0.0119520612098822,0.0028997268374018,-0.0005761198600139,-0.0001215318967565,9.46195161496949e-05
2451739.5,-0.0222575196458517,-0.0085328491711345,0.0025770155388848,-0.0005352308244665,-0.000117372263324,9.72285875033879e-05
2451740.5,-0.0229817164191361,-0.004993405956867,0.0022547498768937,-0.0004941326828748,-0.000111516016457,9.95833547715914e-05
2451741.5,-0.0250812941045789,-0.003097093837979,0.0020123329306059,-0.0005105405908567,-0.0001318414558615,9.88059637921525e-05
2451742.5,-0.0275598267832931,-0.001699290065755,0.0018001230728131,-0.0005470818427151,-0.0001604148024331,9.67359400536897e-05
2451743.5,-0.0298864515288269,-0.0001765613252799,0.0015924092882492,-0.0005838340989367,-0.0001877632586628,9.43083172981869e-05
2451744.5,-0.0303670822575486,0.0002777696707156,0.0014923898512097,-0.0006270909957213,-0.000205829325663,9.33147100802308e-05
2451745.5,-0.0287669546714716,-0.0006232780568056,0.001542733859795,-0.0006795989397299,-0.0002160616145953,9.40630157904235e-05
2451746.5,-0.0270797051686408,-0.0012716219504724,0.0015898614557402,-0.0007304848558457,-0.0002250465995189,9.42869229904999e-05
2451747.5,-0.0253168840153666,-0.0016784058222831,0.0016330780266448,-0.0007800777979752,-0.0002327172636824,9.39713839230142e-05
2451748.5,-0.0234999725587379,-0.0018678931503766,0.0016725227520784,-0.0008288113106534,-0.0002387312965343,9.31191861331908e-05
2451749.5,-0.0216252017682829,-0.0018405122593168,0.0017085278480336,-0.0008767447307008,-0.0002431768084601,9.17399507831114e-05
2451750.5,-0.0196704889111698,-0.001598963219761,0.0017435110082358,-0.0009241638917091,-0.0002464871056171,8.98853183755117e-05
2451751.5,-0.0176085507601268,-0.0011589467550694,0.0017840615599852,-0.0009726819486834,-0.0002496289093426,8.77261027387392e-05
2451752.5,-0.0154440747274903,-0.0005149512511197,0.0018289897255923,-0.001021908969911,-0.0002523729106952,8.52454339867709e-05
2451753.5,-0.0131855335076178,0.000327918282035,0.001878952764643,-0.0010717616182987,-0.0002544652919374,8.24651786067358e-05
2451754.5,-0.01196191553981,0.0004535523593294,0.0018121345777105,-0.0011065598884007,-0.0002414633491253,8.03731358632053e-05
2451755.5,-0.0120075703910279,-0.0003203132945304,0.0016026222146099,-0.0011230263896389,-0.0002102612739558,7.9177731544805e-05
2451756.5,-0.0119189390283382,-0.0008969537620469,0.0013999333620526,-0.0011402822328084,-0.0001781627113782,7.76898518323142e-05
2451757.5,-0.0117138946539252,-0.0012834103162853,0.0012068681295471,-0.0011583044566314,-0.0001455317902518,7.57827096323849e-05
2451758.5,-0.0113894567146036,-0.001466942976491,0.001024169511415,-0.0011769110397591,-0.0001122389767263,7.3521046177494e-05
2451759.5,-0.0109623334329105,-0.001462237502285,0.0008556493747645,-0.0011960691699184,-7.88065481548618e-05,7.0742755093002e-05
2451760.5,-0.0103796109643143,-0.0012719472403715,0.0006978321403599,-0.00121603214971,-4.39862877773662e-05,6.78590377512566e-05
2451761.5,-0.0095755679991088,-0.0008832361828319,0.0005520098092945,-0.0012366204170005,-7.19402624920797e-06,6.50744206851786e-05
2451762.5,-0.0086540186789697,-0.0004412286174342,0.0004294275537093,-0.0012651629339738,3.37406600400608e-05,6.18483968627911e-05
2451763.5,-0.007710061383907,-4.73071501991829e-05,0.0003379173611719,-0.0013071914134339,8.04785013738504e-05,5.7701082155703e-05
2451764.5,-0.0065652936836822,0.0005637059034671,0.0002579369527714,-0.0013493933918541,0.0001290872521984,5.36507063028201e-05
2451765.5,-0.0052244642158754,0.0013988916873419,0.0001889570825145,-0.0013917950136636,0.0001794447825447,4.9693913325102e-05
2451766.5,-0.0037965805572975,0.0030030758600363,8.12589064188851e-05,-0.0014229822641412,0.0002316069132965,4.53582387203853e-05
2451767.5,-0.0025902954900392,0.0054430460698615,-7.0889073412933e-05,-0.0014383036703123,0.0002774273670727,4.07180328190584e-05
2451768.5,-0.002123455129557,0.0066017860541052,-6.81196716236787e-05,-0.0014711310754875,0.0002912382490884,3.81502573920276e-05
2451769.5,-0.0015293081862468,0.0080544205458448,-6.1482327374629e-05,-0.0015034955137804,0.0003065407274441,3.54984970296065e-05
2451770.5,-0.0009404386474102,0.0098164498303348,-5.86484440149582e-05,-0.0015354521160778,0.0003250113172978,3.28094331375375e-05
2451771.5,-0.0002441837526854,0.0118646216604954,-5.35515116399932e-05,-0.0015672043050208,0.0003452171086926,3.00278483118491e-05
2451772.5,0.0005520042229996,0.0141973701578697,-4.43132250657619e-05,-0.001598726609684,0.0003670795872481,2.71488243881298e-05
2451773.5,0.0014799927317095,0.016822775457221,-2.9458610842692e-05,-0.0016299239219827,0.0003907297977753,2.4215471106052e-05
2451774.5,0.0025154150442631,0.0197306685072121,-1.00469161723182e-05,-0.0016610599051458,0.000416112290767,2.12010255700918e-05
2451775.5,0.003643622577492,0.0229182608336174,1.3696029729976e-05,-0.0016921749172172,0.0004433129392776,1.81117046008636e-05
2451776.5,0.0048354255915824,0.0263672561130528,4.49258894777704e-05,-0.0017229826342474,0.0004723067749691,1.5014526720236e-05
2451777.5,0.006041817966773,0.030081520057021,8.4204426203438e-05,-0.0017531047435771,0.0005025831215333,1.18812856470538e-05
2451778.5,0.005282709352975,0.0302738133973941,0.0001074159560404,-0.0017533629253917,0.0005032699220141,1.13619697861818e-05
2451779.5,0.0025530706495738,0.0269895833115217,0.000112765582922,-0.0017241141046564,0.0004744028802304,1.33434800255835e-05
2451780.5,-0.0001458184714166,0.0239316062784181,0.0001225822104825,-0.0016944206424756,0.0004462947133523,1.51746885928427e-05
2451781.5,-0.0028102521850816,0.0210880853244628,0.0001365735697733,-0.0016642803964436,0.0004187989404311,1.68284389451225e-05
2451782.5,-0.0054368662876523,0.0184578208142681,0.000155846860447,-0.001633683984547,0.0003919184871411,1.831284623983e-05
2451783.5,-0.0080292247204049,0.0160211230756353,0.0001811801843344,-0.0016022031398975,0.0003654282574827,1.95701314951486e-05
2451784.5,-0.0105877465946689,0.013775336449118,0.0002142742101694,-0.0015700347226861,0.0003395885161019,2.0619403654259e-05
2451785.5,-0.0131224915972665,0.011716838355986,0.0002550997329626,-0.0015373506560331,0.0003143700171864,2.14721703312231e-05
2451786.5,-0.0156540244659844,0.0098448536553204,0.0003015549122179,-0.0015040893086361,0.0002894139469681,2.20864977738146e-05
2451787.5,-0.0181971431284699,0.0081559706654323,0.0003498079623886,-0.0014705086991132,0.0002642465818772,2.24172432302875e-05
2451788.5,-0.0207331329456054,0.0066487899635092,0.0004057412072207,-0.0014365550577666,0.0002391463385714,2.25217294949645e-05
2451789.5,-0.0232663913279454,0.005409039444072,0.0004678594091843,-0.0014024802916817,0.0002145379370814,2.24201617072662e-05
2451790.5,-0.0257621708863082,0.0044125209771708,0.0005391808561613,-0.0013679348746332,0.000190501115526,2.21346254077235e-05
2451791.5,-0.0281710175361133,0.0036405046023131,0.000622766971857,-0.0013330230334176,0.0001675836629378,2.17070129523387e-05
2451792.5,-0.0304344331362857,0.0030676879794193,0.0007183844131411,-0.0012984294050957,0.0001458305026694,2.1133597011019e-05
2451793.5,-0.032415048842957,0.0026202342953685,0.0008247700026485,-0.0012661287022014,0.0001252772804918,2.0428417088911e-05
2451794.5,-0.0342500510428484,0.002378069991848,0.0009438775144338,-0.0012344850903329,0.0001061552424808,1.96140232617157e-05
2451795.5,-0.0359427705162912,0.0023607844314941,0.0010753194941537,-0.0012033260301246,8.87398817627288e-05,1.86856770556265e-05
2451796.5,-0.0375089226187406,0.0025709024066136,0.0012195709605828,-0.0011726151391064,7.29634942021242e-05,1.76479624707437e-05
2451797.5,-0.0389349140135162,0.0030000825449885,0.001377641530452,-0.0011425481138262,5.87988698429768e-05,1.65164726909415e-05
2451798.5,-0.0402328579365647,0.0036504552812892,0.0015487358850146,-0.0011128784480619,4.61060755716867e-05,1.52431280178155e-05
2451799.5,-0.0414219777204383,0.0045306884446638,0.0017328837723327,-0.0010835302384623,3.48811040527357e-05,1.38221704092063e-05
2451800.5,-0.0425070896858196,0.0056398934840227,0.0019301948949757,-0.0010545264674842,2.50383945501146e-05,1.2252792712693e-05
2451801.5,-0.043488676489525,0.006985625535103,0.0021409184588148,-0.0010257990083727,1.6659947022029e-05,1.0524759634448e-05
2451802.5,-0.0443941797203865,0.0085824523579665,0.0023651003888263,-0.0009972426358168,9.71637498120743e-06,8.64430857844256e-06
2451803.5,-0.0452146999177763,0.0104228667036652,0.0026041553424287,-0.0009689385370731,4.21869565706348e-06,6.62885100700462e-06
2451804.5,-0.0459250238769765,0.012458212245267,0.0028625504798215,-0.0009405619841078,-7.50528338141349e-08,4.4597060642566e-06
2451805.5,-0.0468661077924051,0.0141868148835405,0.0030858985271839,-0.0009214331594093,-1.05702415611007e-05,2.72017123284886e-06
2451806.5,-0.0497538263959689,0.0126189603495337,0.0029581380072678,-0.000963284801838,-6.99811668024974e-05,4.56456928724048e-06
2451807.5,-0.0526039952044347,0.0112755260032285,0.002845998571971,-0.0010053469325209,-0.0001283431312085,6.28441446993207e-06
2451808.5,-0.0553824737251527,0.0101809563726387,0.0027498623286862,-0.0010477702849861,-0.0001850382222433,7.91175091700619e-06
2451809.5,-0.0564235224558644,0.0090322030308809,0.0026000510089559,-0.0010312584413338,-0.0002171281951036,4.76530293369907e-06
2451810.5,-0.0573854523552089,0.0081105557671132,0.0024650547231419,-0.0010144978107531,-0.0002475785258106,1.45378113065864e-06
2451811.5,-0.058294737132418,0.0074005660245406,0.0023441151733813,-0.0009977604666714,-0.0002767130881784,-2.02754327208632e-06
2451812.5,-0.0591517624507014,0.0069069044707477,0.0022376857185044,-0.0009811900274318,-0.0003045426307907,-5.66880749145685e-06
2451813.5,-0.0599683769148469,0.0066423201194965,0.0021450024069603,-0.0009648463476716,-0.0003312788859298,-9.46057689313914e-06
2451814.5,-0.0607214601018707,0.0066153610150099,0.0020698655475087,-0.0009491497462008,-0.0003564768406677,-1.33306332946329e-05
2451815.5,-0.0614100238464331,0.0068356186626137,0.0020115871718681,-0.0009342123029621,-0.0003801216095122,-1.72657478216822e-05
2451816.5,-0.0626086413893059,0.008106409402028,0.0019630612503025,-0.0009256288083783,-0.0004061590980243,-1.95897836982339e-05
2451817.5,-0.0639133158764156,0.009785367481221,0.0019280787547524,-0.0009192226156596,-0.0004320223689044,-2.16144906882228e-05
2451818.5,-0.0652322189327138,0.0117240389647861,0.0019142718706631,-0.0009135635313706,-0.0004556659413212,-2.36103729809411e-05
2451819.5,-0.0655419205143567,0.0117437433795478,0.0017103117442756,-0.0009408541804104,-0.0004731313343964,-2.7142448313976e-05
2451820.5,-0.0654399577784507,0.0112707151630727,0.0014508933671087,-0.000979344687735,-0.0004893234209342,-3.14011885645879e-05
2451821.5,-0.0653026938704253,0.0110808079654243,0.0012134057509172,-0.0010184321074815,-0.000503863658114,-3.56925293879679e-05
2451822.5,-0.0651356505803736,0.0111751584409474,0.0009974427337756,-0.0010581872911613,-0.0005168140171446,-4.00184356204884e-05
2451823.5,-0.064937394598295,0.0115527807137078,0.0008033320000033,-0.0010986707339045,-0.0005281936476698,-4.43779460230552e-05
2451824.5,-0.0647114583203855,0.0122139032764007,0.0006310769958478,-0.0011399027502627,-0.000538038503662,-4.87736948022275e-05
2451825.5,-0.0644579950534209,0.0131528750552538,0.0004809379705763,-0.0011819826601762,-0.0005463929825462,-5.32094693471619e-05
2451826.5,-0.0641797989146788,0.0143702045446572,0.0003535510792309,-0.0012250496487884,-0.0005533304356988,-5.76767082784795e-05
2451827.5,-0.063878430335769,0.0158600418068452,0.0002489373465312,-0.0012692417628194,-0.0005589494645778,-6.21745272115194e-05
2451828.5,-0.0635600570972438,0.0176288336794815,0.0001672848666013,-0.0013145720175568,-0.0005632696336245,-6.66942380379374e-05
2451829.5,-0.0632406992891383,0.019648354248048,0.0001077863988047,-0.0013600687578586,-0.0005666841146148,-7.12894331066443e-05
2451830.5,-0.0629464078477389,0.0218889035442126,6.93098040463053e-05,-0.0014050906560592,-0.0005696244314534,-7.59984551432702e-05
2451831.5,-0.0626942503663596,0.0243158493665181,5.0941818849598e-05,-0.0014492559002075,-0.0005724608299905,-8.08575544055297e-05
2451832.5,-0.0627176759178905,0.0266745725911132,0.0001204364186501,-0.0014871634251994,-0.0005837854817436,-8.35800352860818e-05
2451833.5,-0.0633043900483482,0.0286546768163766,0.0003689598682628,-0.0015118350472018,-0.0006149270147104,-8.11104030651179e-05
2451834.5,-0.0639279742996344,0.030830965717682,0.0006395988902121,-0.0015358825270766,-0.0006460485294124,-7.87150059590848e-05
2451835.5,-0.0646031165738367,0.0331901938499077,0.0009329030896127,-0.0015592856349319,-0.0006772157611299,-7.63975334533984e-05
2451836.5,-0.0647676659337808,0.0350063129134258,0.0012582829943137,-0.0015961685665109,-0.0007061701548709,-7.39403840322606e-05
2451837.5,-0.0643990270778568,0.0362535774404461,0.0015711046708444,-0.0016439554302444,-0.0007350865615127,-7.20467017541798e-05
2451838.5,-0.0635971656818365,0.0371808471710378,0.001613053450292,-0.0016813138444436,-0.0007767535128444,-7.48182784707588e-05
2451839.5,-0.0628530075076709,0.0382381528613384,0.0016761163263279,-0.0017179992774493,-0.0008189846103298,-7.77030777011512e-05
2451840.5,-0.0621688520087857,0.0393868904423511,0.0017610461889163,-0.001753534081603,-0.0008621368724547,-8.07103547083897e-05
2451841.5,-0.0615632825772219,0.0404552422124718,0.0018714808035109,-0.0017852615228151,-0.0009078706191784,-8.38784935827427e-05
2451842.5,-0.0610308134514601,0.04152483084765,0.0020067901113108,-0.0018148566067563,-0.000955291018276,-8.7173145794714e-05
2451843.5,-0.0606726019039057,0.0427732425940941,0.0021558548502639,-0.0018454920125864,-0.0010008931521672,-9.07624376373433e-05
2451844.5,-0.0616113190821923,0.044028242779911,0.0022487568445417,-0.001878652915973,-0.0010296427552885,-9.6634213746525e-05
2451845.5,-0.0664983846300229,0.0423523558269945,0.0019441765396556,-0.0018594366328983,-0.0010092690820078,-9.92418344878704e-05
2451846.5,-0.0735710846167712,0.039158108741293,0.0014302334100298,-0.001811726582915,-0.0009625029533279,-0.000100182403499
2451847.5,-0.0790440876778115,0.037360298613648,0.0009064394891102,-0.0017103253651792,-0.0009169045569803,-0.0001045222355718
2451848.5,-0.0831593749808592,0.0367711151835356,0.0003716258916358,-0.0015613976837637,-0.0008724571555063,-0.000111879909842
2451849.5,-0.0874450810713161,0.0362559798335403,-0.0001607132080337,-0.0014100340194362,-0.0008278080379412,-0.0001194442215933
2451850.5,-0.0861321853947591,0.0326271627647398,-0.0004233874774561,-0.00137529530116,-0.0008503375098937,-0.0001167616869642
2451851.5,-0.0846886945205377,0.0289519538102571,-0.0006589827499716,-0.0013444265740247,-0.0008753582991904,-0.0001136785490929
2451852.5,-0.0833744808815736,0.0254017983268815,-0.0008763975439753,-0.0013126453136286,-0.0008998977077495,-0.0001106058606033
2451853.5,-0.0821977651955267,0.0219854071618543,-0.0010749827593039,-0.001280024852089,-0.0009239535079314,-0.0001075334057231
2451854.5,-0.0811559177359886,0.0187042637583955,-0.0012548906887383,-0.00124662534859,-0.0009475677238684,-0.0001044740574872
2451855.5,-0.0802458279707949,0.0155752427101277,-0.0014141321935435,-0.0012128345759857,-0.0009707521199327,-0.0001014247783189
2451856.5,-0.0794771351448118,0.0125998821654307,-0.0015495826862855,-0.0011789473493912,-0.0009935366211227,-9.83617300421501e-05
2451857.5,-0.0788493383672288,0.0097759457370654,-0.0016612216649164,-0.0011451668408403,-0.0010160736099859,-9.52956866070523e-05
2451858.5,-0.0783656230770582,0.0071009974022201,-0.0017489328411195,-0.0011114238189494,-0.0010383976309102,-9.22308220865364e-05
2451859.5,-0.0780292828671361,0.0045858707896642,-0.0018128060401974,-0.001077867369524,-0.0010605613454536,-8.91715774748948e-05
2451860.5,-0.07784121410445,0.0022373526874478,-0.0018527610964374,-0.0010445216147821,-0.0010826131592998,-8.61263842100403e-05
2451861.5,-0.0778073048321595,4.41746316482416e-05,-0.0018691477724667,-0.0010113815494214,-0.0011047294447666,-8.3101259075105e-05
2451862.5,-0.0779331873957354,-0.0019872852039629,-0.0018621461326594,-0.0009785119014352,-0.001126929526927,-8.01001506893072e-05
2451863.5,-0.0774735752885283,-0.0053718759879889,-0.0019824472273726,-0.0009665137832225,-0.001149980895821,-7.8476751147104e-05
2451864.5,-0.076570792483897,-0.0098284385567326,-0.0022026789022178,-0.0009714753590281,-0.0011737861177783,-7.79861580058037e-05
2451865.5,-0.0758134581963885,-0.0141886880255974,-0.0024062578320207,-0.0009770952398747,-0.0011978689435058,-7.75876702006839e-05
2451866.5,-0.0751997211441062,-0.0184596250460062,-0.0025935714310409,-0.0009832411591393,-0.0012222962701195,-7.72919454249186e-05
2451867.5,-0.0747342570256249,-0.022627986931483,-0.0027638285343623,-0.000990126353501,-0.001247035476337,-7.70990543848748e-05
2451868.5,-0.0744122917302668,-0.0266872495978556,-0.0029164285625207,-0.0009976562564121,-0.0012720735742311,-7.70186149883871e-05
2451869.5,-0.0742393872345823,-0.0306230552035161,-0.0030512168183478,-0.0010059853279638,-0.0012973519537272,-7.70483656237417e-05
2451870.5,-0.0742469358630959,-0.0327744131537754,-0.0032876584941433,-0.0009820515063084,-0.0013161837260035,-7.79217774862491e-05
2451871.5,-0.0744085915276962,-0.0347207751715295,-0.0035152146899093,-0.0009566617695462,-0.0013350181765857,-7.89677513809567e-05
2451872.5,-0.0747153684294721,-0.0365686944645041,-0.0037285385393072,-0.0009315784041256,-0.001354335533487,-8.0168483153282e-05
2451873.5,-0.0751740880855472,-0.0383087335913227,-0.0039267359937343,-0.0009070006607802,-0.0013741547218392,-8.15167258927075e-05
2451874.5,-0.0757825804429753,-0.039952905908709,-0.0041111744954358,-0.0008827182600408,-0.0013946069650867,-8.30326605763447e-05
2451875.5,-0.0765438663296087,-0.0414783645733583,-0.0042828297047108,-0.0008589117020609,-0.0014155743315412,-8.47279134722904e-05
2451876.5,-0.0774410007397179,-0.0428370067266038,-0.0044423442278198,-0.0008357657923059,-0.0014363916038935,-8.66127628878788e-05
2451877.5,-0.078458765272186,-0.0440312573504451,-0.0045897966921845,-0.0008133631330887,-0.0014572487366919,-8.87125419605599e-05
2451878.5,-0.0795909361482547,-0.0450579181243752,-0.0047260796691868,-0.0007915575470102,-0.0014781327521778,-9.10472534334803e-05
2451879.5,-0.0808306244160377,-0.0458606411352059,-0.0048445787907457,-0.0007706487960793,-0.0014982948947541,-9.3602568927247e-05
2451880.5,-0.0821782590384348,-0.0464149408322652,-0.0049419847103151,-0.000750760834246,-0.0015174463124527,-9.63707929972114e-05
2451881.5,-0.0836395563124941,-0.0467151031160563,-0.0050178982119847,-0.0007320038289544,-0.0015355399831321,-9.93507318089472e-05
2451882.5,-0.0847279361875246,-0.0474697283125001,-0.0050860324821873,-0.0007125418756722,-0.0015524334236003,-0.0001023250912739
2451883.5,-0.082823125369589,-0.052479990412954,-0.0052175341197102,-0.000683198699015,-0.0015663164571897,-0.000103993166343
2451884.5,-0.0810153627291822,-0.0572817449915857,-0.0053325733411544,-0.0006544646538035,-0.0015789692932618,-0.0001058982109058
2451885.5,-0.0793056036314581,-0.0618731335033628,-0.0054310737172745,-0.0006263364747261,-0.0015905562584239,-0.000108054394418
2451886.5,-0.077697685299672,-0.0662474636921465,-0.0055141106645191,-0.0005987417412286,-0.0016010933775551,-0.0001104825337747
2451887.5,-0.0761928387316131,-0.0704014449598846,-0.0055817698706718,-0.000571667578063,-0.0016106009196457,-0.0001131912141681
2451888.5,-0.0747927836339226,-0.0743520773903234,-0.0056354556758949,-0.0005449266134688,-0.0016191553532636,-0.0001161895740751
2451889.5,-0.073498650988046,-0.0780955899545188,-0.0056757395617111,-0.0005184372681799,-0.0016267792444768,-0.0001194889136165
2451890.5,-0.0723094287441447,-0.0816398039785418,-0.0057028628874519,-0.0004919638857652,-0.0016336496600027,-0.0001230994126423
2451891.5,-0.0712158775361549,-0.0849571328100586,-0.0057162598527155,-0.0004655665403506,-0.0016398409021094,-0.0001270426805836
2451892.5,-0.0702187650757371,-0.0880309966411116,-0.0057163211985524,-0.0004394301280541,-0.0016455571127455,-0.0001313761799167
2451893.5,-0.0693126490557472,-0.0908820907312886,-0.0057039646198902,-0.0004133735591501,-0.0016508936221953,-0.0001361196272447
2451894.5,-0.0695986912402565,-0.0930917094026546,-0.0059120159986159,-0.0003817298236664,-0.0016540858242302,-0.0001394346981983
2451895.5,-0.0718850165849316,-0.0943701925362472,-0.0065188553535114,-0.000339807995613,-0.0016536900898962,-0.000139986602996
2451896.5,-0.0704966470861055,-0.0980374014465296,-0.006761372742091,-0.0002526636948447,-0.0016945144859701,-0.0001366004021283
2451897.5,-0.0690430119470221,-0.101610307509201,-0.0069964802312979,-0.0001617304481506,-0.0017362498855183,-0.0001334100292908
2451898.5,-0.0678230048161677,-0.10488585507871,-0.0072554120368481,-7.02097997653753e-05,-0.0017755754150346,-0.0001307581949557
2451899.5,-0.0668394246788635,-0.107842754774651,-0.007537753831068,2.18508125677183e-05,-0.0018120214984558,-0.0001286632071281
2451900.5,-0.0660471652698356,-0.110546171387328,-0.007842002729374,0.0001144701645824,-0.0018465055580671,-0.000127105441711
2451901.5,-0.0648578366425755,-0.11441148683059,-0.0078600669484238,0.000178140828336,-0.0018733205168085,-0.0001214682577062
2451902.5,-0.0642066713245057,-0.118504426435343,-0.0077087335184823,0.000205752144154,-0.0018938640946976,-0.0001113385018838
2451903.5,-0.0637449031502599,-0.122318958172121,-0.0075750126801111,0.0002334805764677,-0.0019118534135414,-0.0001017681901029
2451904.5,-0.063474242000649,-0.125836176731673,-0.0074568198822718,0.0002610534425744,-0.0019273773132392,-9.27688115853172e-05
2451905.5,-0.0634074216867379,-0.12903780484955,-0.0073564667885022,0.0002884661306056,-0.0019401147479333,-8.43708276038514e-05
2451906.5,-0.063540420704827,-0.131919747545477,-0.0072732473499165,0.0003158617666166,-0.0019500721431995,-7.65746335373949e-05
2451907.5,-0.0638660488156787,-0.134528862124274,-0.0072080379124845,0.0003435561512478,-0.0019576911847366,-6.93635706721458e-05
2451908.5,-0.0643761493548601,-0.136882098168862,-0.007160778268196,0.000371854992746,-0.0019630029395491,-6.27235743797144e-05
2451909.5,-0.0650586757793725,-0.139032711760252,-0.0071337380564148,0.0004009605310648,-0.0019663764094712,-5.66212627556176e-05
2451910.5,-0.0659198620228674,-0.140948307608688,-0.0071254103100486,0.0004305959525196,-0.0019677956042627,-5.10816778400609e-05
2451911.5,-0.061874790833882,-0.14299517941621,-0.0069379355720242,0.0004953022367976,-0.0019519972862807,-4.4633302767696e-05
2451912.5,-0.0577354565266284,-0.14493616979928,-0.0067587009177581,0.0005642303462942,-0.0019349679835698,-3.86339167145863e-05
2451913.5,-0.0537056153355472,-0.146756723684822,-0.006593320198504,0.0006361218472543,-0.0019174447319829,-3.31465614936898e-05
2451914.5,-0.0497779378777679,-0.148507166867123,-0.0064454530131815,0.0007115123289204,-0.0018996987201147,-2.81704977792556e-05
2451915.5,-0.0467345316632697,-0.150643934884446,-0.0063670133617238,0.000794747374465,-0.0018728365828523,-2.42567918869454e-05
2451916.5,-0.0444643012652158,-0.153382616344857,-0.0063794310833259,0.0008836165845011,-0.0018370914405773,-2.21952590893405e-05
2451917.5,-0.0415746833192639,-0.156326667607066,-0.0064381191967006,0.0009684917341563,-0.00180591315,-2.23491361446017e-05
2451918.5,-0.038764196565288,-0.159209244094534,-0.0065212131865069,0.0010580308945036,-0.0017726445533725,-2.3069609221207e-05
2451919.5,-0.0352936684809823,-0.162715795815696,-0.0065434563282429,0.0011399982305064,-0.0017306910544302,-2.38999030438955e-05
2451920.5,-0.0349336471579227,-0.166119542857292,-0.00659142482042,0.001116197678708,-0.0017151832786975,-1.22993865741448e-05
2451921.5,-0.0352125590712925,-0.169257957113051,-0.006680548570762,0.0010839517461542,-0.0017018242340247,3.32176332871071e-07
2451922.5,-0.0355078028257046,-0.172311620739268,-0.0067883995071387,0.0010551164160259,-0.0016842198094644,1.23414982082979e-05
2451923.5,-0.0345302563878226,-0.174627562553984,-0.0069146678669348,0.0010270251536002,-0.0016803859428112,2.53065847132571e-05
2451924.5,-0.0324358337125289,-0.176304316076135,-0.0070602400836522,0.0009997756899068,-0.0016877788200008,3.8956599793462e-05
2451925.5,-0.0303565183050957,-0.177893590053556,-0.0072226232513784,0.0009758058425519,-0.001691491512708,5.18846716371644e-05
2451926.5,-0.0282715270634017,-0.179379411567514,-0.0073984178452768,0.0009552308871784,-0.0016922133070562,6.41013379216058e-05
2451927.5,-0.0261998837723719,-0.180754137282206,-0.0075868931375671,0.0009379143932224,-0.0016894399400311,7.55608334604106e-05
2451928.5,-0.0242785649789204,-0.181959556151414,-0.0077816044440137,0.0009214468322592,-0.0016799724541726,8.58597934261984e-05
2451929.5,-0.0224238310050439,-0.183028681123913,-0.0079872678538207,0.0009074595289696,-0.0016656464166986,9.52466741719451e-05
2451930.5,-0.0206287177469147,-0.183947578018556,-0.0082047241408237,0.0008961424880771,-0.0016466917887796,0.0001037291774746
2451931.5,-0.0188593300136045,-0.18473141370492,-0.0084330911848966,0.0008875646114353,-0.0016230686671566,0.0001113008890411
2451932.5,-0.0170968984175959,-0.18535107567735,-0.0086701431786944,0.0008818521245698,-0.0015946789449305,0.0001179403222213
2451933.5,-0.0153536106020357,-0.185793485110076,-0.0089159979183865,0.0008788864548825,-0.0015609540108259,0.0001236507629282
2451934.5,-0.0136204935389904,-0.186058014020159,-0.0091726094463236,0.0008791029480986,-0.0015216643671319,0.0001284714734764
2451935.5,-0.0118336544081135,-0.18614491571833,-0.0094370618419754,0.0008837233577184,-0.001477122048314,0.0001323860411493
2451936.5,-0.009989503616804,-0.185978309692353,-0.0097062624349151,0.000892740140677,-0.0014267299638443,0.0001353752542231
2451937.5,-0.0080971978477473,-0.185352949097088,-0.0099717183310472,0.0009066633166089,-0.0013698148638425,0.0001374954122169
2451938.5,-0.0061488157793713,-0.184320453663539,-0.0102343550388133,0.0009250524234513,-0.0013064184142831,0.000138668622808
2451939.5,-0.0041134057350063,-0.182958992553507,-0.0104954038706829,0.00094771952939,-0.0012368328670012,0.0001389658826185
2451940.5,-0.0019779126297105,-0.181302171628142,-0.0107590985568998,0.0009754237674122,-0.0011623614339798,0.0001385284542356
2451941.5,0.0002728406128011,-0.179374494243842,-0.0110253285202437,0.0010087498165012,-0.0010838155621588,0.0001374143279617
2451942.5,0.0008088473361921,-0.176680009472379,-0.0113922106114729,0.0010190411442451,-0.001006971993724,0.0001362988218288
2451943.5,-0.0029232429637109,-0.172397812249843,-0.0119984659577525,0.0009654598215677,-0.0009378993747922,0.0001360833207534
2451944.5,-0.0065428144066685,-0.167942060239173,-0.0125994741623298,0.0009197147056829,-0.0008665231995401,0.0001352372923648
2451945.5,-0.010056570339202,-0.163329545399878,-0.0131980466429667,0.000881953772842,-0.0007924038869357,0.0001338391886664
2451946.5,-0.0134766028316109,-0.158572295207119,-0.0137933642009982,0.0008523976591534,-0.0007159534805257,0.0001319106101443
2451947.5,-0.0168110738687974,-0.153669226769507,-0.0143844935281169,0.0008310360118958,-0.000637068936868,0.0001294508607699
2451948.5,-0.0201088238663492,-0.148620331972636,-0.0149672429435928,0.0008176051293985,-0.0005553998848924,0.0001263848317523
2451949.5,-0.0233451189011875,-0.143414398628764,-0.0155366806221895,0.0008118208119429,-0.0004707765696248,0.0001226394660356
2451950.5,-0.0217759249864204,-0.14066377436576,-0.0158778477660505,0.0007159024643127,-0.0004389793075825,0.0001267771280344
2451951.5,-0.017240388470121,-0.139338726998806,-0.0160741341001263,0.0005678210480869,-0.0004378454896487,0.000135423075877
2451952.5,-0.0126333935491687,-0.137761267710351,-0.0162532280525562,0.0004279590899732,-0.0004330078981189,0.0001432837382133
2451953.5,-0.0086485574440443,-0.135981470552555,-0.0160900737466027,0.0003209161884085,-0.0003951830519325,0.0001522202086561
2451954.5,-0.0048505044971456,-0.135521770476946,-0.0156156540469688,0.0002406500682047,-0.0003290095695972,0.0001630635192898
2451955.5,-0.0011183168545516,-0.134986725993111,-0.015151023334788,0.0001690026270415,-0.0002604747946739,0.0001730943357044
2451956.5,0.0024947123158202,-0.134376729298825,-0.014692999945817,0.0001055732388441,-0.000189781539013,0.0001822579864807
2451957.5,0.0060142491451107,-0.133731288522592,-0.014238177320246,5.01430559062058e-05,-0.0001169145480588,0.0001905710964002
2451958.5,0.0094265394063774,-0.133056432804653,-0.013787603308227,2.2971334857104e-06,-4.16734597098917e-05,0.0001980759267766
2451959.5,0.0127371829601561,-0.132306477167253,-0.0133421239361702,-3.84169854425569e-05,3.58238213217898e-05,0.000204657435232
2451960.5,0.015953167488287,-0.131526481841178,-0.0128970864594036,-7.2846621413384e-05,0.0001160749379341,0.0002103869422153
2451961.5,0.0190674482823523,-0.130643878966974,-0.0124561755400367,-9.99482010744755e-05,0.0001989765353202,0.000215138480026
2451962.5,0.022093841170224,-0.129616654574119,-0.0120199621863604,-0.0001199608992826,0.0002842340370109,0.0002189027050804
2451963.5,0.025084908406708,-0.128408081315287,-0.0115844737530151,-0.0001333427516525,0.0003720967947479,0.0002216302758471
2451964.5,0.0280315631941685,-0.127010327258753,-0.0111507312233848,-0.0001407032721881,0.0004620142935409,0.0002233741805738
2451965.5,0.0309411233905373,-0.125452567700236,-0.0107164051238318,-0.0001438089460797,0.0005541207332922,0.0002243240411565
2451966.5,0.0338703044449788,-0.123776433834018,-0.0102807334943214,-0.000142289730715,0.000648199495773,0.0002247144434985
2451967.5,0.037432889168423,-0.122442999234258,-0.0099413576924497,-0.0001598722025119,0.0006531592344385,0.0002209918998101
2451968.5,0.0416475500575046,-0.12151441420857,-0.0097033050343235,-0.0001960230752098,0.0005595977875749,0.0002124984681797
2451969.5,0.0456623668882951,-0.120632692808076,-0.0094750853324352,-0.0002262189303842,0.0004676802619255,0.0002035956771059
2451970.5,0.0494658333632986,-0.119809719168102,-0.0092582566734598,-0.0002501995492875,0.0003769368621434,0.0001942695056864
2451971.5,0.053058959563876,-0.119036485929555,-0.0090528260633762,-0.0002678667946489,0.0002878258628635,0.000184538148359
2451972.5,0.0564446438410137,-0.118319817245229,-0.0088573916645148,-0.0002791929908628,0.000200336795166,0.0001744254063028
2451973.5,0.0596298153498118,-0.117676593726503,-0.0086730997367626,-0.0002844385067229,0.0001144912236308,0.0001639740982485
2451974.5,0.0626127055695105,-0.117088042310361,-0.0084990408664406,-0.0002835814441573,3.06814917623646e-05,0.0001532175351261
2451975.5,0.0654137805649086,-0.116551300919957,-0.0083360802551731,-0.0002765668965051,-5.05479095509916e-05,0.0001422399086788
2451976.5,0.0680408402503425,-0.116076146846992,-0.0081814567401973,-0.0002638356106275,-0.0001290721606529,0.0001310460228798
2451977.5,0.0699770424022396,-0.115478294459117,-0.0080344906292823,-0.0002521779591517,-0.0001978589016414,0.0001215148613792
2451978.5,0.0711604140150053,-0.114728684994937,-0.0078959808910515,-0.0002428164241806,-0.0002557794591924,0.0001139563752971
2451979.5,0.0697650075286664,-0.113267264810947,-0.0079022864862467,-0.0002679001003308,-0.0003159473812964,0.0001069873314973
2451980.5,0.0670239587048788,-0.111485418954987,-0.0079869514760978,-0.0003066183144828,-0.0003756585281527,0.0001001427479454
