time,x,y,z,vx,vy,vz
2451544.5,-1.21756064891815,-0.613109171390533,-0.256251245737076,0.00487961061298847,-0.0138085745275021,-0.00080664549022913
2451545.5,-1.21320247650146,-0.622194826602936,-0.256657928228378,0.00493882270529866,-0.0137906409800053,-0.000792190374340862
2451546.5,-1.20872092247009,-0.631471216678619,-0.257065385580063,0.00499949371442199,-0.0137712955474854,-0.000777339970227331
2451547.5,-1.20411443710327,-0.640937805175781,-0.257472962141037,0.0050616292282939,-0.0137504618614912,-0.000762090436182916
2451548.5,-1.19938015937805,-0.650593459606171,-0.257880091667175,0.00512523669749498,-0.0137280775234103,-0.000746436999179423
2451549.5,-1.19451677799225,-0.6604363322258,-0.258286207914352,0.00519031891599298,-0.0137040782719851,-0.000730377330910414
2451550.5,-1.18952143192291,-0.670465409755707,-0.258690625429153,0.00525687867775559,-0.0136783886700869,-0.000713907356839627
2451551.5,-1.1843935251236,-0.680677354335785,-0.259092837572098,0.00532490946352482,-0.0136509453877807,-0.000697026087436825
2451552.5,-1.17912971973419,-0.691069841384888,-0.259492009878159,0.00539440009742975,-0.0136216888204217,-0.000679732533171773
2451553.5,-1.17373085021973,-0.701638758182526,-0.259887546300888,0.00546534266322851,-0.0135905481874943,-0.000662027217913419
2451554.5,-1.16819405555725,-0.712380528450012,-0.260278612375259,0.00553772272542119,-0.0135574676096439,-0.00064391054911539
2451555.5,-1.16251945495605,-0.723290383815765,-0.260664582252502,0.00561151141300797,-0.0135223874822259,-0.000625385262537748
2451556.5,-1.15670561790466,-0.7343630194664,-0.261044472455978,0.00568668683990836,-0.0134852593764663,-0.000606455025263131
2451557.5,-1.15075266361237,-0.745592594146729,-0.261417776346207,0.00576321640983224,-0.013446026481688,-0.000587124610319734
2451558.5,-1.14466023445129,-0.756972849369049,-0.261783480644226,0.00584106566384435,-0.0134046515449882,-0.000567399198189378
2451559.5,-1.13842833042145,-0.768497109413147,-0.262140870094299,0.00592019036412239,-0.0133610814809799,-0.000547285773791373
2451560.5,-1.13205778598785,-0.780157625675201,-0.262489080429077,0.00600054115056992,-0.0133152864873409,-0.000526793533936143
2451561.5,-1.12554955482483,-0.791946291923523,-0.262827396392822,0.00608206773176789,-0.0132672404870391,-0.000505932548549026
2451562.5,-1.11890494823456,-0.803855001926422,-0.263154864311218,0.00616471515968442,-0.0132169164717197,-0.000484713062178344
2451563.5,-1.11212491989136,-0.815874874591827,-0.263470858335495,0.00624841824173927,-0.0131642958149314,-0.000463146745460108
2451564.5,-1.10521173477173,-0.827996432781219,-0.263774514198303,0.00633311318233609,-0.0131093692034483,-0.000441247946582735
2451565.5,-1.09816670417786,-0.840209245681763,-0.264064937829971,0.00641872128471732,-0.0130521338433027,-0.000419031886849552
2451566.5,-1.09099316596985,-0.852504670619965,-0.264341562986374,0.00650517316535115,-0.012992586940527,-0.000396512361476198
2451567.5,-1.08369314670563,-0.864871382713318,-0.264603525400162,0.00659238733351231,-0.0129307443276048,-0.000373707385733724
2451568.5,-1.07626974582672,-0.8772993683815,-0.264850169420242,0.00668028276413679,-0.0128666264936328,-0.00035063415998593
2451569.5,-1.06872689723969,-0.889777481555939,-0.265080720186234,0.00676876958459616,-0.0128002511337399,-0.0003273113979958
2451570.5,-1.06106674671173,-0.902295410633087,-0.26529461145401,0.00685776537284255,-0.0127316433936357,-0.000303757871733978
2451571.5,-1.05329382419586,-0.914841830730438,-0.265491157770157,0.00694717559963465,-0.0126608535647392,-0.000279993662843481
2451572.5,-1.04541158676147,-0.927406191825867,-0.265669792890549,0.00703691178932786,-0.0125879142433405,-0.000256038620136678
2451573.5,-1.03742396831512,-0.93997722864151,-0.265829980373383,0.00712687755003572,-0.0125128785148263,-0.000231914658797905
2451574.5,-1.02933537960052,-0.952544927597046,-0.265971124172211,0.0072169853374362,-0.0124357966706157,-0.000207640900043771
2451575.5,-1.02114939689636,-0.965098798274994,-0.266092866659164,0.00730714341625571,-0.0123567301779985,-0.00018323898257222
2451576.5,-1.01287031173706,-0.977628409862518,-0.266194611787796,0.00739725586026907,-0.0122757405042648,-0.000158729671966285
2451577.5,-1.00450336933136,-0.990123331546783,-0.266276061534882,0.00748723465949297,-0.0121928947046399,-0.000134134854306467
2451578.5,-0.996051251888275,-1.00257527828217,-0.266336917877197,0.00757699552923441,-0.012108257971704,-0.00010947285045404
2451579.5,-0.987518727779388,-1.01497435569763,-0.266376674175262,0.00766645045951009,-0.0120219038799405,-8.4764942585025e-05
2451580.5,-0.9789097905159,-1.02731192111969,-0.266395151615143,0.00775551609694958,-0.0119339022785425,-6.00304229010362e-05
2451581.5,-0.970228254795074,-1.03957962989807,-0.266392201185226,0.00784411374479532,-0.0118443425744772,-3.52884417225141e-05
2451582.5,-0.961478531360626,-1.05176913738251,-0.266367346048355,0.00793216750025749,-0.011753280647099,-1.05569552033558e-05
2451583.5,-0.952663838863373,-1.06387448310852,-0.266320705413818,0.00801960658282042,-0.0116608059033751,1.41472100949613e-05
2451584.5,-0.943787634372711,-1.07588803768158,-0.26625195145607,0.00810636393725872,-0.0115669844672084,3.8807193050161e-05
2451585.5,-0.934853494167328,-1.08780336380005,-0.266161113977432,0.00819237157702446,-0.0114719001576304,6.3406492699869e-05
2451586.5,-0.92586475610733,-1.0996150970459,-0.266047924757004,0.00827756989747286,-0.0113756153732538,8.79311264725402e-05
2451587.5,-0.91682380437851,-1.11131834983826,-0.265912443399429,0.00836190953850746,-0.0112782111391425,0.000112367844849359
2451588.5,-0.907733500003815,-1.1229076385498,-0.265754669904709,0.00844533368945122,-0.0111797545105219,0.000136702830786817
2451589.5,-0.898596823215485,-1.13437962532043,-0.26557457447052,0.00852780044078827,-0.011080315336585,0.000160925264935941
2451590.5,-0.889415800571442,-1.14572978019714,-0.265372186899185,0.00860926508903503,-0.0109799569472671,0.000185023076483048
2451591.5,-0.880192458629608,-1.15695559978485,-0.265147536993027,0.00868969038128853,-0.010878749191761,0.000208987505175173
2451592.5,-0.870928347110748,-1.16805458068848,-0.264900654554367,0.00876904651522636,-0.010776742361486,0.00023280965979211
2451593.5,-0.861625730991364,-1.17902338504791,-0.264631509780884,0.00884729996323586,-0.0106739988550544,0.000256481434917077
2451594.5,-0.852285444736481,-1.18986093997955,-0.264340460300446,0.00892442464828491,-0.0105705801397562,0.000279994972515851
2451595.5,-0.842909038066864,-1.20056569576263,-0.264027446508408,0.00900039821863174,-0.0104665327817202,0.000303345266729593
2451596.5,-0.833498060703278,-1.21113634109497,-0.263692498207092,0.00907520949840546,-0.0103619089350104,0.000326526409480721
2451597.5,-0.82405298948288,-1.22157204151154,-0.263335973024368,0.00914883706718683,-0.0102567505091429,0.000349533976987004
2451598.5,-0.814574182033539,-1.23187255859375,-0.262957811355591,0.00922126602381468,-0.0101511124521494,0.000372363225324079
2451599.5,-0.80506306886673,-1.24203717708588,-0.262558162212372,0.00929249357432127,-0.0100450264289975,0.000395012000808492
2451600.5,-0.795518815517426,-1.25206649303436,-0.262137293815613,0.00936250668019056,-0.00993853528052568,0.000417477305745706
2451601.5,-0.785942733287811,-1.26196086406708,-0.261695206165314,0.00943130720406771,-0.00983167439699173,0.000439757161075249
2451602.5,-0.776334702968597,-1.27172029018402,-0.261232137680054,0.0094988876953721,-0.00972448009997606,0.000461849849671125
2451603.5,-0.766694843769073,-1.28134560585022,-0.2607481777668,0.00956525281071663,-0.00961698312312365,0.000483754760352895
2451604.5,-0.75702315568924,-1.29083752632141,-0.260243505239487,0.00963039696216583,-0.00950921420007944,0.000505470961797982
2451605.5,-0.747319042682648,-1.30019724369049,-0.259718239307404,0.00969432946294546,-0.00940119940787554,0.000526998832356185
2451606.5,-0.737583160400391,-1.30942606925964,-0.259172588586807,0.00975705031305552,-0.00929296761751175,0.00054833764443174
2451607.5,-0.727814435958862,-1.31852436065674,-0.258606761693954,0.00981856882572174,-0.00918453466147184,0.000569488503970206
2451608.5,-0.718012750148773,-1.3274941444397,-0.2580206990242,0.00987888965755701,-0.00907593220472336,0.000590452109463513
2451609.5,-0.708178043365479,-1.33633637428284,-0.257414728403091,0.00993802212178707,-0.00896717794239521,0.000611229101195931
2451610.5,-0.698310077190399,-1.34505224227905,-0.256789028644562,0.0099959708750248,-0.00885828770697117,0.00063182064332068
2451611.5,-0.688407719135284,-1.35364377498627,-0.256143569946289,0.0100527498871088,-0.0087492885068059,0.00065222877310589
2451612.5,-0.678470969200134,-1.36211180686951,-0.25547868013382,0.0101083675399423,-0.00864018592983484,0.000672454538289458
2451613.5,-0.66849946975708,-1.37045753002167,-0.254794359207153,0.0101628350093961,-0.00853100325912237,0.000692499394062907
2451614.5,-0.658493041992188,-1.37868273258209,-0.254090875387192,0.0102161541581154,-0.00842175539582968,0.000712364504579455
2451615.5,-0.648450314998627,-1.38678932189941,-0.253368198871613,0.0102683501318097,-0.00831244699656963,0.000732053129468113
2451616.5,-0.638371527194977,-1.39477801322937,-0.252626657485962,0.0103194219991565,-0.00820310041308403,0.00075156579259783
2451617.5,-0.628255724906921,-1.40265071392059,-0.251866191625595,0.0103693893179297,-0.00809371843934059,0.000770905346143991
2451618.5,-0.618103623390198,-1.41040825843811,-0.251087099313736,0.0104182586073875,-0.00798432342708111,0.000790072022937238
2451619.5,-0.607913911342621,-1.41805219650269,-0.250289410352707,0.0104660410434008,-0.0078749181702733,0.000809069781098515
2451620.5,-0.597685992717743,-1.4255838394165,-0.249473318457603,0.0105127487331629,-0.0077655129134655,0.000827898911666125
2451621.5,-0.587420165538788,-1.43300426006317,-0.248638838529587,0.0105583928525448,-0.00765611929818988,0.000846562441438437
2451622.5,-0.577116131782532,-1.44031465053558,-0.247786343097687,0.0106029892340302,-0.00754674756899476,0.000865060661453754
2451623.5,-0.566773235797882,-1.44751667976379,-0.246915623545647,0.0106465369462967,-0.00743740564212203,0.000883397122379392
2451624.5,-0.55639123916626,-1.45461106300354,-0.246026992797852,0.0106890611350536,-0.00732809258624911,0.00090157293016091
2451625.5,-0.545970380306244,-1.46159887313843,-0.245120495557785,0.0107305590063334,-0.00721882563084364,0.000919589016120881
2451626.5,-0.535510361194611,-1.46848106384277,-0.244196385145187,0.0107710501179099,-0.00710961129516363,0.000937447475735098
2451627.5,-0.525010883808136,-1.47525811195374,-0.243254616856575,0.0108105465769768,-0.00700045237317681,0.000955150404479355
2451628.5,-0.514471709728241,-1.48193180561066,-0.242295414209366,0.0108490455895662,-0.00689135724678636,0.000972699373960495
2451629.5,-0.503893136978149,-1.48850274085999,-0.24131877720356,0.0108865741640329,-0.00678233243525028,0.000990095199085772
2451630.5,-0.493275344371796,-1.4949711561203,-0.240325003862381,0.0109231248497963,-0.00667338306084275,0.00100733933504671
2451631.5,-0.48261821269989,-1.50133860111237,-0.239314064383507,0.0109587218612432,-0.00656451936811209,0.00102443399373442
2451632.5,-0.471921801567078,-1.50760531425476,-0.238286092877388,0.0109933624044061,-0.00645573856309056,0.00104137905873358
2451633.5,-0.461185991764069,-1.51377201080322,-0.237241238355637,0.0110270660370588,-0.00634705321863294,0.00105817709118128
2451634.5,-0.450411677360535,-1.51983916759491,-0.236179605126381,0.0110598336905241,-0.00623846752569079,0.00107482832390815
2451635.5,-0.439598441123962,-1.52580749988556,-0.235101297497749,0.0110916756093502,-0.00612998427823186,0.00109133403748274
2451636.5,-0.42874664068222,-1.53167736530304,-0.234006479382515,0.0111225992441177,-0.00602160766720772,0.00110769632738084
2451637.5,-0.417857050895691,-1.53744947910309,-0.232895210385323,0.0111526185646653,-0.00591334560886025,0.00112391461152583
2451638.5,-0.406929850578308,-1.54312372207642,-0.231767669320107,0.0111817345023155,-0.00580520275980234,0.00113998982124031
2451639.5,-0.395965218544006,-1.54870116710663,-0.230623811483383,0.0112099563702941,-0.00569717865437269,0.00115592475049198
2451640.5,-0.384963750839233,-1.55418157577515,-0.229463949799538,0.0112372897565365,-0.00558928120881319,0.00117171846795827
2451641.5,-0.373926043510437,-1.559565782547,-0.228288233280182,0.011263751424849,-0.00548151601105928,0.00118737213779241
2451642.5,-0.362852573394775,-1.56485342979431,-0.227096602320671,0.011289338581264,-0.00537388678640127,0.001202886342071
2451643.5,-0.351743936538696,-1.57004535198212,-0.225889250636101,0.0113140633329749,-0.00526639586314559,0.00121826177928597
2451644.5,-0.340600550174713,-1.57514119148254,-0.224666342139244,0.0113379256799817,-0.0051590483635664,0.00123349891509861
2451645.5,-0.329423010349274,-1.58014130592346,-0.223427966237068,0.0113609405234456,-0.00505184475332499,0.00124859949573874
2451646.5,-0.318212509155273,-1.58504617214203,-0.222174271941185,0.0113831106573343,-0.00494479387998581,0.00126356154214591
2451647.5,-0.306969344615936,-1.58985555171967,-0.220905423164368,0.011404437944293,-0.00483789760619402,0.00127838796470314
2451648.5,-0.295694231987,-1.59456932544708,-0.219621419906616,0.0114249316975474,-0.00473115872591734,0.00129307806491852
2451649.5,-0.28438800573349,-1.59918773174286,-0.218322485685349,0.0114446030929685,-0.00462457723915577,0.00130763172637671
2451650.5,-0.273051619529724,-1.60371112823486,-0.217008844017982,0.0114634465426207,-0.00451816478744149,0.00132205046247691
2451651.5,-0.261685848236084,-1.60813903808594,-0.215680465102196,0.0114814834669232,-0.00441191904246807,0.00133633415680379
2451652.5,-0.250291287899017,-1.61247205734253,-0.2143374979496,0.0114987073466182,-0.00430584046989679,0.00135048315860331
2451653.5,-0.238869071006775,-1.61670911312103,-0.212980180978775,0.0115151302888989,-0.00419993884861469,0.00136449700221419
2451654.5,-0.227420061826706,-1.62085103988647,-0.21160863339901,0.0115307457745075,-0.00409421417862177,0.00137837650254369
2451655.5,-0.215945154428482,-1.62489783763885,-0.210222899913788,0.0115455789491534,-0.00398866599425673,0.00139212235808372
2451656.5,-0.204445391893387,-1.62884914875031,-0.20882323384285,0.0115596149116755,-0.00388330197893083,0.00140573387034237
2451657.5,-0.192921251058578,-1.63270473480225,-0.207409635186195,0.0115728750824928,-0.00377812143415213,0.00141921220347285
2451658.5,-0.181374698877335,-1.63646447658539,-0.205982446670532,0.0115853492170572,-0.00367313367314637,0.0014325559604913
2451659.5,-0.1698057949543,-1.6401287317276,-0.204541683197021,0.0115970512852073,-0.00356833194382489,0.0014457666547969
2451660.5,-0.158215761184692,-1.64369714260101,-0.203087493777275,0.0116079887375236,-0.00346372160129249,0.00145884416997433
2451661.5,-0.146605908870697,-1.64716935157776,-0.20162008702755,0.0116181597113609,-0.00335931032896042,0.00147178792394698
2451662.5,-0.134977459907532,-1.65054535865784,-0.200139582157135,0.0116275716573,-0.00325509533286095,0.00148459908086807
2451663.5,-0.123330593109131,-1.65382468700409,-0.19864609837532,0.011636228300631,-0.00315107824280858,0.00149727729149163
2451664.5,-0.111666947603226,-1.65700805187225,-0.197139739990234,0.0116441370919347,-0.00304726348258555,0.00150982185732573
2451665.5,-0.0999875962734222,-1.66009485721588,-0.195620819926262,0.0116513017565012,-0.00294365361332893,0.00152223347686231
2451666.5,-0.0882938504219055,-1.66308438777924,-0.194089308381081,0.0116577185690403,-0.00284024979919195,0.00153451284859329
2451667.5,-0.0765862762928009,-1.66597747802734,-0.192545473575592,0.0116634052246809,-0.00273705436848104,0.00154665904119611
2451668.5,-0.0648657381534576,-1.66877329349518,-0.190989434719086,0.0116683570668101,-0.00263406499288976,0.00155867310240865
2451669.5,-0.0531342029571533,-1.67147171497345,-0.189421325922012,0.011672580614686,-0.00253128889016807,0.00157055410090834
2451670.5,-0.0413925051689148,-1.67407298088074,-0.187841385602951,0.011676087975502,-0.00242872815579176,0.00158230192027986
2451671.5,-0.0296412687748671,-1.67657697200775,-0.186249583959579,0.0116788642480969,-0.00232638115994632,0.00159391772467643
2451672.5,-0.0178817790001631,-1.6789824962616,-0.184646248817444,0.0116809299215674,-0.00222425046376884,0.00160540116485208
2451673.5,-0.00611501839011908,-1.68129110336304,-0.183031469583511,0.0116822859272361,-0.00212233373895288,0.00161675247363746
2451674.5,0.00565722677856684,-1.68350112438202,-0.181405454874039,0.0116829359903932,-0.00202064542099833,0.00162797048687935
2451675.5,0.0174345392733812,-1.68561315536499,-0.179768308997154,0.0116828754544258,-0.00191917223855853,0.00163905706722289
2451676.5,0.0292161721736193,-1.68762707710266,-0.178120091557503,0.0116821220144629,-0.00181792106013745,0.0016500111669302
2451677.5,0.0410003066062927,-1.68954229354858,-0.176461145281792,0.0116806728765368,-0.00171689339913428,0.0016608334844932
2451678.5,0.0527860522270203,-1.69135892391205,-0.174791485071182,0.0116785308346152,-0.00161609216593206,0.00167152367066592
2451679.5,0.0645722895860672,-1.69307708740234,-0.173111319541931,0.0116756977513433,-0.00151551922317594,0.00168208125978708
2451680.5,0.0763584077358246,-1.69469606876373,-0.17142079770565,0.0116721885278821,-0.00141517003066838,0.00169250753242522
2451681.5,0.0881432145833969,-1.69621634483337,-0.169719979166985,0.0116679966449738,-0.00131504877936095,0.00170280237216502
2451682.5,0.0999252498149872,-1.69763779640198,-0.168009221553802,0.0116631221026182,-0.00121516059152782,0.00171296577900648
2451683.5,0.111704021692276,-1.69895970821381,-0.166288435459137,0.011657577008009,-0.00111549906432629,0.0017229977529496
2451684.5,0.123477831482887,-1.70018243789673,-0.164557993412018,0.011651367880404,-0.00101607281249017,0.00173289747908711
2451685.5,0.135246619582176,-1.70130634307861,-0.162817820906639,0.0116444919258356,-0.000916875200346112,0.00174266658723354
2451686.5,0.147008374333382,-1.70233047008514,-0.161068305373192,0.0116369538009167,-0.000817914144136012,0.00175230496097356
2451687.5,0.158763110637665,-1.70325541496277,-0.15930937230587,0.0116287590935826,-0.000719184638001025,0.00176181248389184
2451688.5,0.170509114861488,-1.70408010482788,-0.157541289925575,0.0116199050098658,-0.000620693026576191,0.00177118927240372
2451689.5,0.182245805859566,-1.70480608940125,-0.155764162540436,0.0116104083135724,-0.000522434827871621,0.00178043602500111
2451690.5,0.193972021341324,-1.70543217658997,-0.153978154063225,0.0116002596914768,-0.000424414785811678,0.00178955192677677
2451691.5,0.205687060952187,-1.70595860481262,-0.152183398604393,0.0115894628688693,-0.000326631357893348,0.00179853744339198
2451692.5,0.217389658093452,-1.70638573169708,-0.150380060076714,0.0115780308842659,-0.00022908765822649,0.00180739373899996
2451693.5,0.229079097509384,-1.70671284198761,-0.148568257689476,0.0115659572184086,-0.000131781940581277,0.00181612011510879
2451694.5,0.240754842758179,-1.70694005489349,-0.146748095750809,0.0115532502532005,-3.47145542036742e-05,0.00182471738662571
2451695.5,0.252415508031845,-1.70706784725189,-0.144919782876968,0.0115399174392223,6.21113067609258e-05,0.00183318485505879
2451696.5,0.264060437679291,-1.70709562301636,-0.143083363771439,0.0115259494632483,0.000158696289872751,0.00184152321889997
2451697.5,0.275688886642456,-1.70702385902405,-0.141239032149315,0.0115113696083426,0.000255039543844759,0.00184973364230245
2451698.5,0.287299752235413,-1.70685267448425,-0.139386937022209,0.0114961555227637,0.000351140886778012,0.00185781554318964
2451699.5,0.298892289400101,-1.70658218860626,-0.137527197599411,0.0114803314208984,0.000446998135885224,0.00186576915439218
2451700.5,0.310466080904007,-1.70621168613434,-0.135659918189049,0.0114638898521662,0.000542613212019205,0.0018735941266641
2451701.5,0.322019994258881,-1.70574188232422,-0.133785218000412,0.0114468345418572,0.000637984659988433,0.0018812925554812
2451702.5,0.333553045988083,-1.70517241954803,-0.131903260946274,0.0114291720092297,0.000733109365683049,0.00188886281102896
2451703.5,0.345065057277679,-1.70450401306152,-0.130014136433601,0.0114109041169286,0.000827990530524403,0.00189630687236786
2451704.5,0.35655465722084,-1.70373678207397,-0.128118097782135,0.0113920364528894,0.000922623788937926,0.00190362345892936
2451705.5,0.368021756410599,-1.70286977291107,-0.12621508538723,0.011372565291822,0.00101701251696795,0.001910813851282
2451706.5,0.379465341567993,-1.70190382003784,-0.124305300414562,0.0113524990156293,0.00111115304753184,0.00191787828225642
2451707.5,0.390884459018707,-1.70083975791931,-0.12238884717226,0.0113318329676986,0.00120504561346024,0.0019248171010986
2451708.5,0.40227884054184,-1.6996762752533,-0.12046591937542,0.0113105839118361,0.00129868998192251,0.00193163030780852
2451709.5,0.413647621870041,-1.69841504096985,-0.11853651702404,0.0112887369468808,0.00139208452310413,0.00193831778597087
2451710.5,0.424990117549896,-1.69705474376678,-0.116600856184959,0.0112663144245744,0.0014852297026664,0.00194488151464611
2451711.5,0.436305969953537,-1.69559633731842,-0.114658996462822,0.0112433051690459,0.00157812552060932,0.0019513200968504
2451712.5,0.447593986988068,-1.69403958320618,-0.11271108686924,0.0112197166308761,0.00167076766956598,0.001957633998245
2451713.5,0.458854258060455,-1.69238543510437,-0.110757194459438,0.0111955450847745,0.00176316103897989,0.0019638251978904
2451714.5,0.470085501670837,-1.69063401222229,-0.10879747569561,0.0111708045005798,0.00185529771260917,0.00196989253163338
2451715.5,0.481287866830826,-1.68878507614136,-0.106832027435303,0.0111454855650663,0.00194718549028039,0.00197583716362715
2451716.5,0.492460012435913,-1.68683886528015,-0.104860916733742,0.01111960131675,0.00203881738707423,0.00198165886104107
2451717.5,0.503601849079132,-1.68479537963867,-0.102884329855442,0.0110931470990181,0.00213019317016006,0.00198735762387514
2451718.5,0.514712810516357,-1.68265557289124,-0.100902274250984,0.0110661257058382,0.00222131446935236,0.00199293484911323
2451719.5,0.525792241096497,-1.68041956424713,-0.0989149659872055,0.0110385455191135,0.0023121798876673,0.00199839007109404
2451720.5,0.536839425563812,-1.67808711528778,-0.0969224199652672,0.0110104009509087,0.00240278639830649,0.00200372468680143
2451721.5,0.547854125499725,-1.67565894126892,-0.0949248373508453,0.0109816985204816,0.00249313493259251,0.00200893776491284
2451722.5,0.558835864067078,-1.67313492298126,-0.09292221814394,0.0109524428844452,0.00258322502486408,0.00201403046958148
2451723.5,0.569783747196198,-1.67051565647125,-0.0909147337079048,0.0109226331114769,0.00267305388115346,0.002019003033638
2451724.5,0.580697774887085,-1.66780149936676,-0.088902436196804,0.0108922719955444,0.0027626221999526,0.00202385475859046
2451725.5,0.591577470302582,-1.66499269008636,-0.0868854895234108,0.0108613576740026,0.00285192928276956,0.00202858843840659
2451726.5,0.602421760559082,-1.66208958625793,-0.0848639532923698,0.0108299041166902,0.00294097070582211,0.00203320081345737
2451727.5,0.61323070526123,-1.65909242630005,-0.0828379243612289,0.0107978982850909,0.00302974972873926,0.00203769630752504
2451728.5,0.624003767967224,-1.65600228309631,-0.0808075442910194,0.0107653560116887,0.00311826332472265,0.0020420728251338
2451729.5,0.63474053144455,-1.65281820297241,-0.0787728130817413,0.0107322689145803,0.00320651032961905,0.0020463305991143
2451730.5,0.645440399646759,-1.64954161643982,-0.0767339169979095,0.0106986435130239,0.00329449051059783,0.00205047056078911
2451731.5,0.656102955341339,-1.64617204666138,-0.0746909528970718,0.0106644816696644,0.00338220014236867,0.00205449271015823
2451732.5,0.666727662086487,-1.64271092414856,-0.0726440027356148,0.0106297880411148,0.00346963829360902,0.00205839890986681
2451733.5,0.677314698696136,-1.6391578912735,-0.0705931484699249,0.0105945570394397,0.00355680799111724,0.00206218776293099
2451734.5,0.687862992286682,-1.63551354408264,-0.0685385167598724,0.0105587970465422,0.00364370434544981,0.00206586043350399
2451735.5,0.698372304439545,-1.63177800178528,-0.0664801672101021,0.0105225127190351,0.00373032595962286,0.0020694169215858
2451736.5,0.7088423371315,-1.62795233726501,-0.0644182115793228,0.0104856910184026,0.00381667166948318,0.0020728565286845
2451737.5,0.719272792339325,-1.62403655052185,-0.0623527467250824,0.0104483533650637,0.00390274450182915,0.00207618135027587
2451738.5,0.729663014411926,-1.62003123760223,-0.0602839067578316,0.0104104857891798,0.00398853421211243,0.002079390687868
2451739.5,0.740012586116791,-1.61593639850616,-0.0582117214798927,0.0103720966726542,0.00407404638826847,0.0020824852399528
2451740.5,0.750321328639984,-1.61175358295441,-0.0561363473534584,0.0103331925347447,0.00415927730500698,0.00208546477369964
2451741.5,0.760588645935059,-1.60748195648193,-0.0540578924119473,0.0102937612682581,0.00424422416836023,0.00208832998760045
2451742.5,0.770814418792725,-1.60312271118164,-0.0519764088094234,0.0102538177743554,0.00432888604700565,0.00209108111448586
2451743.5,0.780998349189758,-1.59867584705353,-0.0498919375240803,0.0102133555337787,0.00441326573491096,0.00209371955133975
2451744.5,0.791139662265778,-1.59414255619049,-0.0478047169744968,0.0101723838597536,0.00449735531583428,0.0020962436683476
2451745.5,0.801237940788269,-1.58952283859253,-0.0457147732377052,0.0101309008896351,0.00458115478977561,0.00209865346550941
2451746.5,0.811293244361877,-1.58481740951538,-0.0436221808195114,0.0100889001041651,0.00466466601938009,0.00210095127113163
2451747.5,0.821304976940155,-1.58002626895905,-0.0415270552039146,0.0100463945418596,0.00474788434803486,0.00210313638672233
2451748.5,0.831272602081299,-1.57515060901642,-0.0394295565783978,0.0100033804774284,0.00483080418780446,0.00210520788095891
2451749.5,0.841196119785309,-1.57018995285034,-0.0373296849429607,0.00995985884219408,0.00491343205794692,0.00210716808214784
2451750.5,0.851074755191803,-1.56514632701874,-0.035227607935667,0.00991583429276943,0.00499576143920422,0.00210901582613587
2451751.5,0.860908329486847,-1.560018658638,-0.0331234335899353,0.00987130589783192,0.00507779140025377,0.00211075227707624
2451752.5,0.870696783065796,-1.55480885505676,-0.0310172028839588,0.00982627086341381,0.00515951914712787,0.0021123755723238
2451753.5,0.880439162254333,-1.54951572418213,-0.0289090499281883,0.00978073943406343,0.00524094514548779,0.00211388850584626
2451754.5,0.890135288238525,-1.5441415309906,-0.0267990846186876,0.00973470229655504,0.00532206520438194,0.00211529061198235
2451755.5,0.899784982204437,-1.53868591785431,-0.0246874205768108,0.00968816876411438,0.00540287885814905,0.00211658119224012
2451756.5,0.909387350082397,-1.53314971923828,-0.0225741770118475,0.00964114163070917,0.00548338145017624,0.00211776001378894
2451757.5,0.918942928314209,-1.52753281593323,-0.0204593911767006,0.00959361158311367,0.0055635767057538,0.00211882847361267
2451758.5,0.928450465202332,-1.52183651924133,-0.0183432400226593,0.0095455888658762,0.00564345577731729,0.00211978633888066
2451759.5,0.937910258769989,-1.51606106758118,-0.01622574031353,0.00949706882238388,0.00572302518412471,0.00212063430808485
2451760.5,0.947320997714996,-1.51020646095276,-0.0141071192920208,0.00944805704057217,0.00580227421596646,0.00212137075141072
2451761.5,0.956683456897736,-1.50427436828613,-0.0119873592630029,0.00939855258911848,0.00588120752945542,0.00212199846282601
2451762.5,0.965996205806732,-1.49826419353485,-0.00986667722463608,0.00934855919331312,0.00595981860533357,0.00212251441553235
2451763.5,0.97525954246521,-1.49217700958252,-0.00774511322379112,0.00929807219654322,0.00603810977190733,0.00212292093783617
2451764.5,0.984472990036011,-1.48601341247559,-0.00562281534075737,0.00924709532409906,0.00611607497557998,0.00212321733124554
2451765.5,0.993635773658752,-1.47977364063263,-0.00349986576475203,0.00919563136994839,0.00619371375069022,0.00212340452708304
2451766.5,1.00274741649628,-1.47345840930939,-0.00137643166817725,0.00914367940276861,0.00627102702856064,0.00212348136119545
2451767.5,1.01180839538574,-1.46706771850586,0.00074746849713847,0.00909123662859201,0.00634800968691707,0.00212344923056662
2451768.5,1.02081716060638,-1.4606032371521,0.00287162396125495,0.00903831236064434,0.00642465986311436,0.00212330650538206
2451769.5,1.02977442741394,-1.45406424999237,0.00499603757634759,0.00898489728569984,0.00650097848847508,0.00212305434979498
2451770.5,1.03867864608765,-1.44745194911957,0.00712044956162572,0.0089309997856617,0.00657695950940251,0.00212269206531346
2451771.5,1.04753041267395,-1.44076585769653,0.00924490764737129,0.00887661706656218,0.00665260478854179,0.00212222104892135
2451772.5,1.05632865428925,-1.43400824069977,0.0113691408187151,0.00882175099104643,0.00672791339457035,0.00212163967080414
2451773.5,1.06507301330566,-1.42717826366425,0.013493069447577,0.00876640342175961,0.00680287461727858,0.00212094862945378
2451774.5,1.07376348972321,-1.42027688026428,0.0156166618689895,0.00871056690812111,0.00687749637290835,0.00212014885619283
2451775.5,1.08239889144897,-1.4133038520813,0.0177397336810827,0.00865425635129213,0.00695177167654037,0.0021192382555455
2451776.5,1.09097981452942,-1.40626072883606,0.0198621805757284,0.00859745685011148,0.0070257019251585,0.00211821915581822
2451777.5,1.09950482845306,-1.3991471529007,0.0219838675111532,0.00854018051177263,0.00709928339347243,0.0021170899271965
2451778.5,1.10797393321991,-1.39196395874023,0.0241046864539385,0.00848242081701756,0.00717251375317574,0.00211585033684969
2451779.5,1.11638689041138,-1.38471150398254,0.0262245200574398,0.0084241796284914,0.00724539440125227,0.00211450038477778
2451780.5,1.12474274635315,-1.37739050388336,0.0283432137221098,0.00836546067148447,0.00731791788712144,0.00211304146796465
2451781.5,1.13304150104523,-1.37000072002411,0.0304607190191746,0.00830626022070646,0.00739008560776711,0.00211147265508771
2451782.5,1.14128232002258,-1.3625431060791,0.0325768031179905,0.0082465810701251,0.00746189616620541,0.00210979161784053
2451783.5,1.14946520328522,-1.3550181388855,0.0346914529800415,0.00818642508238554,0.00753334723412991,0.0021080020815134
2451784.5,1.15758907794952,-1.34742593765259,0.0368045158684254,0.0081257838755846,0.00760443555191159,0.00210610148496926
2451785.5,1.16565418243408,-1.33976697921753,0.0389158502221107,0.00806466676294804,0.00767516531050205,0.00210409029386938
2451786.5,1.173659324646,-1.33204185962677,0.0410252548754215,0.00800307001918554,0.00774552393704653,0.0021019687410444
2451787.5,1.18160438537598,-1.3242506980896,0.0431327372789383,0.0079409945756197,0.00781552214175463,0.00209973519667983
2451788.5,1.18948900699615,-1.31639432907104,0.0452380962669849,0.00787844136357307,0.00788514595478773,0.00209739129059017
2451789.5,1.19731271266937,-1.30847263336182,0.0473412349820137,0.0078154094517231,0.00795440375804901,0.00209493516013026
2451790.5,1.20507454872131,-1.30048608779907,0.0494420267641544,0.00775189651176333,0.00802328810095787,0.00209236773662269
2451791.5,1.21277475357056,-1.29243516921997,0.0515403188765049,0.00768790766596794,0.00809179805219173,0.0020896892528981
2451792.5,1.22041201591492,-1.28432023525238,0.0536359362304211,0.00762343918904662,0.00815993081778288,0.00208689854480326
2451793.5,1.22798693180084,-1.27614152431488,0.0557289011776447,0.00755849154666066,0.00822769291698933,0.00208399444818497
2451794.5,1.2354975938797,-1.26789939403534,0.0578189417719841,0.00749306427314878,0.00829507037997246,0.00208097952418029
2451795.5,1.24294447898865,-1.25959420204163,0.0599059946835041,0.00742716155946255,0.0083620660007,0.00207785051316023
2451796.5,1.25032699108124,-1.25122654438019,0.0619899369776249,0.00736077874898911,0.00842868071049452,0.00207460904493928
2451797.5,1.25764429569244,-1.24279618263245,0.0640706419944763,0.00729391537606716,0.0084949117153883,0.00207125395536423
2451798.5,1.26489639282227,-1.23430347442627,0.0661479234695435,0.00722657656297088,0.00856075622141361,0.00206778524443507
2451799.5,1.27208232879639,-1.22574937343597,0.0682216808199883,0.00715875439345837,0.00862620957195759,0.00206420221365988
2451800.5,1.27920138835907,-1.21713364124298,0.0702918693423271,0.00709045585244894,0.0086912764236331,0.00206050556153059
2451801.5,1.28625357151031,-1.20845663547516,0.0723581463098526,0.0070216772146523,0.00875595025718212,0.00205669412389398
2451802.5,1.29323852062225,-1.19971859455109,0.0744205936789513,0.00695241754874587,0.00882023014128208,0.00205276743508875
2451803.5,1.3001549243927,-1.19091987609863,0.0764790028333664,0.00688268011435866,0.00888411141932011,0.00204872572794557
2451804.5,1.30700290203094,-1.18206071853638,0.0785332322120667,0.00681246118620038,0.00894759781658649,0.00204456853680313
2451805.5,1.31378185749054,-1.17314183712006,0.0805831626057625,0.00674176262691617,0.00901068281382322,0.00204029493033886
2451806.5,1.32049107551575,-1.16416251659393,0.0826286822557449,0.00667058397084475,0.00907336641103029,0.00203590467572212
2451807.5,1.3271301984787,-1.15512371063232,0.0846696346998215,0.00659892335534096,0.00913564674556255,0.0020313982386142
2451808.5,1.33369839191437,-1.14602530002594,0.0867059230804443,0.00652678310871124,0.00919752102345228,0.00202677375636995
2451809.5,1.34019565582275,-1.1368682384491,0.0887373685836792,0.00645416416227818,0.00925898458808661,0.00202203262597322
2451810.5,1.34662127494812,-1.12765192985535,0.0907639041543007,0.00638105906546116,0.00932004116475582,0.00201717251911759
2451811.5,1.35297417640686,-1.11837720870972,0.0927852988243103,0.00630747713148594,0.00938068330287933,0.00201219436712563
2451812.5,1.35925471782684,-1.10904395580292,0.0948014929890633,0.00623341277241707,0.00944091286510229,0.0020070974715054
2451813.5,1.36546182632446,-1.09965240955353,0.096812330186367,0.00615886645391583,0.00950072146952152,0.00200188206508756
2451814.5,1.37159514427185,-1.09020304679871,0.0988177433609962,0.00608384003862739,0.00956011097878218,0.00199654581956565
2451815.5,1.37765407562256,-1.08069622516632,0.100817516446114,0.006008330732584,0.00961907953023911,0.0019910903647542
2451816.5,1.38363754749298,-1.07113146781921,0.102811574935913,0.00593233946710825,0.00967762246727943,0.00198551383800805
2451817.5,1.3895457983017,-1.0615097284317,0.104799784719944,0.00585586531087756,0.00973573885858059,0.00197981600649655
2451818.5,1.39537858963013,-1.05183088779449,0.106781959533691,0.00577891059219837,0.0097934240475297,0.00197399710305035
2451819.5,1.40113461017609,-1.04209530353546,0.108758054673672,0.00570147391408682,0.00985067803412676,0.00196805573068559
2451820.5,1.406813621521,-1.03230345249176,0.110727868974209,0.00562355294823647,0.00990749336779118,0.00196199235506356
2451821.5,1.41241526603699,-1.02245509624481,0.112691283226013,0.0055451518855989,0.0099638719111681,0.00195580604486167
2451822.5,1.41793870925903,-1.01255083084106,0.114648230373859,0.00546626793220639,0.010019812732935,0.00194949633441865
2451823.5,1.42338299751282,-1.00259065628052,0.116598501801491,0.00538689782842994,0.010075306519866,0.00194306229241192
2451824.5,1.42874872684479,-0.99257481098175,0.118541985750198,0.00530705088749528,0.0101303514093161,0.00193650485016406
2451825.5,1.43403446674347,-0.982504069805145,0.120478563010693,0.00522671779617667,0.01018494553864,0.00192982179578394
2451826.5,1.43924057483673,-0.972378134727478,0.122408151626587,0.00514590321108699,0.0102390926331282,0.00192301406059414
2451827.5,1.44436550140381,-0.962197601795197,0.124330535531044,0.00506461039185524,0.010292774066329,0.00191607989836484
2451828.5,1.44940888881683,-0.951962411403656,0.126245632767677,0.00498282909393311,0.0103459982201457,0.00190901942551136
2451829.5,1.45437109470367,-0.941673159599304,0.128153294324875,0.00490057049319148,0.0103987595066428,0.00190183229278773
2451830.5,1.45925056934357,-0.931330144405365,0.13005343079567,0.00481782667338848,0.0104510551318526,0.00189451838377863
2451831.5,1.46404767036438,-0.920933306217194,0.131945878267288,0.00473460322245955,0.0105028776451945,0.00188707583583891
2451832.5,1.46876108646393,-0.910483360290527,0.133830487728119,0.00465089781209826,0.0105542233213782,0.0018795063951984
2451833.5,1.47339057922363,-0.899980545043945,0.135707184672356,0.00456671137362719,0.0106050940230489,0.00187180633656681
2451834.5,1.47793567180634,-0.889424920082092,0.137575790286064,0.00448204390704632,0.0106554804369807,0.00186397926881909
2451835.5,1.48239648342133,-0.878817081451416,0.139436200261116,0.00439689587801695,0.0107053807005286,0.00185602076817304
2451836.5,1.48677098751068,-0.868157386779785,0.141288280487061,0.00431126775220037,0.0107547910884023,0.00184793234802783
2451837.5,1.49106025695801,-0.8574458360672,0.143131881952286,0.00422515813261271,0.0108037097379565,0.0018397131934762
2451838.5,1.49526250362396,-0.846683144569397,0.144966885447502,0.00413856795057654,0.0108521254733205,0.00183136318810284
2451839.5,1.4993782043457,-0.835869610309601,0.146793246269226,0.00405149860307574,0.0109000401571393,0.00182288128416985
2451840.5,1.50340569019318,-0.825005531311035,0.148610711097717,0.00396395334973931,0.0109474463388324,0.00181426736526191
2451841.5,1.50734615325928,-0.814091503620148,0.150419175624847,0.00387592753395438,0.0109943393617868,0.00180552015081048
2451842.5,1.51119768619537,-0.803127586841583,0.152218535542488,0.00378742092289031,0.0110407182946801,0.00179663964081556
2451843.5,1.51496028900146,-0.792114555835724,0.154008656740189,0.00369843794032931,0.0110865784808993,0.00178762641735375
2451844.5,1.51863312721252,-0.781052768230438,0.155789420008659,0.00360898091457784,0.0111319115385413,0.00177847850136459
2451845.5,1.52221632003784,-0.769942581653595,0.157560721039772,0.00351904309354722,0.0111767146736383,0.00176919624209404
2451846.5,1.52570843696594,-0.758784353733063,0.159322306513786,0.00342862936668098,0.0112209785729647,0.0017597780097276
2451847.5,1.52910971641541,-0.747578620910645,0.161074176430702,0.00333774066530168,0.0112647069618106,0.00175022531766444
2451848.5,1.53241980075836,-0.736326396465302,0.16281621158123,0.00324637605808675,0.0113078895956278,0.00174053595401347
2451849.5,1.53563761711121,-0.725027322769165,0.164548143744469,0.00315453833900392,0.0113505218178034,0.00173070991877466
2451850.5,1.53876340389252,-0.713682234287262,0.166269972920418,0.00306222285144031,0.0113925999030471,0.00172074651345611
2451851.5,1.54179525375366,-0.702291965484619,0.167981535196304,0.00296943821012974,0.0114341173321009,0.00171064643654972
2451852.5,1.54473412036896,-0.690856695175171,0.169682592153549,0.00287617743015289,0.0114750703796744,0.00170040782541037
2451853.5,1.5475789308548,-0.679377317428589,0.171373143792152,0.00278244586661458,0.0115154488012195,0.00169003149494529
2451854.5,1.55032896995544,-0.667854011058807,0.173053100705147,0.00268824282102287,0.0115552535280585,0.00167951523326337
2451855.5,1.55298459529877,-0.656287372112274,0.174722209572792,0.00259356666356325,0.011594477109611,0.00166885869111866
2451856.5,1.55554413795471,-0.64467865228653,0.176380380988121,0.0024984220508486,0.0116331120952964,0.00165806384757161
2451857.5,1.55800807476044,-0.633027493953705,0.178027361631393,0.00240280735306442,0.0116711538285017,0.00164712872356176
2451858.5,1.56037557125092,-0.62133526802063,0.179663315415382,0.00230672303587198,0.0117086041718721,0.00163605192210525
2451859.5,1.56264626979828,-0.609602153301239,0.181287869811058,0.00221017142757773,0.0117454463616014,0.0016248335596174
2451860.5,1.56481957435608,-0.597828984260559,0.182901009917259,0.00211315043270588,0.0117816776037216,0.00161347433459014
2451861.5,1.56689441204071,-0.586016595363617,0.184502512216568,0.00201566470786929,0.0118172969669104,0.00160197215154767
2451862.5,1.5688716173172,-0.574165403842926,0.186092227697372,0.00191771192476153,0.0118522932752967,0.00159032712690532
2451863.5,1.57074964046478,-0.562275946140289,0.187670186161995,0.00181929219979793,0.0118866637349129,0.0015785398427397
2451864.5,1.57252860069275,-0.550349414348602,0.189236059784889,0.0017204120522365,0.0119203981012106,0.00156660808715969
2451865.5,1.57420790195465,-0.538386225700378,0.190789878368378,0.00162106356583536,0.0119534973055124,0.00155453267507255
2451866.5,1.57578682899475,-0.526387155056,0.192331343889236,0.00152125325985253,0.0119859557598829,0.00154231255874038
2451867.5,1.5772647857666,-0.514352738857269,0.193860471248627,0.00142098113428801,0.0120177557691932,0.0015299468068406
2451868.5,1.57864224910736,-0.502284169197083,0.195377111434937,0.00132024637423456,0.012048901990056,0.0015174358850345
2451869.5,1.57991778850555,-0.490181863307953,0.19688093662262,0.00121905410196632,0.0120793888345361,0.0015047793276608
2451870.5,1.58109104633331,-0.478046625852585,0.198372140526772,0.00111739814747125,0.0121091995388269,0.00149197562132031
2451871.5,1.58216226100922,-0.465879201889038,0.19985032081604,0.00101528561208397,0.0121383471414447,0.00147902604658157
2451872.5,1.58313059806824,-0.453680783510208,0.20131541788578,0.000912714458536357,0.0121668074280024,0.00146592792589217
2451873.5,1.58399486541748,-0.441451609134674,0.202767327427864,0.000809686258435249,0.0121945794671774,0.00145268253982067
2451874.5,1.58475589752197,-0.429192721843719,0.204205840826035,0.000706201244611293,0.0122216567397118,0.00143928837496787
2451875.5,1.58541214466095,-0.416905283927917,0.205631002783775,0.000602260930463672,0.0122480383142829,0.00142574589699507
2451876.5,1.58596384525299,-0.404589623212814,0.207042455673218,0.000497867295052856,0.012273714877665,0.00141205359250307
2451877.5,1.58641040325165,-0.392246842384338,0.208440199494362,0.000393018242903054,0.0122986696660519,0.00139821169432253
2451878.5,1.58675134181976,-0.379877865314484,0.209823980927467,0.000287718750769272,0.0123229119926691,0.0013842195039615
2451879.5,1.58698642253876,-0.36748331785202,0.211193740367889,0.000181968163815327,0.0123464288190007,0.00137007667217404
2451880.5,1.58711493015289,-0.355064213275909,0.212549418210983,7.57658563088626e-05,0.0123692117631435,0.00135578238405287
2451881.5,1.58713638782501,-0.342621386051178,0.21389077603817,-3.08865419356152e-05,0.0123912552371621,0.00134133675601333
2451882.5,1.58705055713654,-0.330155938863754,0.215217635035515,-0.000137985029141419,0.0124125564470887,0.00132673908956349
2451883.5,1.58685660362244,-0.317668616771698,0.216529875993729,-0.000245530885877088,0.0124331023544073,0.00131198868621141
2451884.5,1.58655440807343,-0.305160075426102,0.217827498912811,-0.000353522860677913,0.0124528910964727,0.00129708554595709
2451885.5,1.5861439704895,-0.292631894350052,0.219110250473022,-0.00046195785398595,0.0124719133600593,0.00128202850464731
2451886.5,1.58562457561493,-0.280084192752838,0.220378026366234,-0.000570838048588485,0.0124901654198766,0.00126681767869741
2451887.5,1.58499538898468,-0.267518371343613,0.221630588173866,-0.00068015861324966,0.0125076351687312,0.00125145190395415
2451888.5,1.58425641059875,-0.254935324192047,0.222867846488953,-0.000789919809903949,0.012524320743978,0.0012359315296635
2451889.5,1.58340728282928,-0.242335677146912,0.224089726805687,-0.00090012006694451,0.0125402146950364,0.00122025597374886
2451890.5,1.58244681358337,-0.229720801115036,0.225296050310135,-0.00101075822021812,0.0125553077086806,0.00120442442130297
2451891.5,1.58137595653534,-0.217091619968414,0.226486653089523,-0.00112183205783367,0.0125695951282978,0.00118843675591052
2451892.5,1.58019328117371,-0.204448893666267,0.227661430835724,-0.00123333767987788,0.0125830667093396,0.0011722925119102
2451893.5,1.57889866828918,-0.191793501377106,0.228820204734802,-0.00134527834597975,0.012595715932548,0.00115599052514881
2451894.5,1.57749152183533,-0.179126426577568,0.229962781071663,-0.00145764939952642,0.0126075362786651,0.00113953149411827
2451895.5,1.57597184181213,-0.166448906064034,0.231089159846306,-0.00157044897787273,0.0126185193657875,0.00112291367258877
2451896.5,1.57433903217316,-0.153761759400368,0.232199102640152,-0.00168367382138968,0.0126286642625928,0.00110613799188286
2451897.5,1.57259261608124,-0.141065701842308,0.233292385935783,-0.00179732509423047,0.0126379551365972,0.00108920270577073
2451898.5,1.57073223590851,-0.128362342715263,0.234368979930878,-0.00191139767412096,0.0126463817432523,0.00107210862915963
2451899.5,1.56875765323639,-0.115652106702328,0.235428795218468,-0.00202588993124664,0.0126539506018162,0.00105485459789634
2451900.5,1.56666839122772,-0.102936081588268,0.236471459269524,-0.00214080116711557,0.0126606365665793,0.00103744014631957
2451901.5,1.56446397304535,-0.090215377509594,0.237497091293335,-0.00225612707436085,0.0126664433628321,0.00101986504159868
2451902.5,1.56214416027069,-0.0774910375475883,0.238505318760872,-0.00237186579033732,0.0126713579520583,0.00100212963297963
2451903.5,1.55970847606659,-0.0647638663649559,0.239496126770973,-0.00248801428824663,0.0126753812655807,0.000984231941401958
2451904.5,1.55715680122375,-0.0520350262522697,0.240469291806221,-0.00260456907562912,0.0126784862950444,0.000966172781772912
2451905.5,1.55448830127716,-0.0393052026629448,0.241424798965454,-0.00272153108380735,0.0126806842163205,0.000947951572015882
2451906.5,1.55170261859894,-0.0265759136527777,0.242362335324287,-0.00283889006823301,0.0126819564029574,0.000929568079300225
2451907.5,1.54880034923553,-0.013847729191184,0.24328176677227,-0.00295664975419641,0.0126822954043746,0.000911020382773131
2451908.5,1.54578006267548,-0.00112169096246362,0.244183093309402,-0.00307480245828629,0.012681694701314,0.000892310112249106
2451909.5,1.54264152050018,0.0116010997444391,0.245065972208977,-0.00319334701634943,0.0126801393926144,0.000873436452820897
2451910.5,1.53938460350037,0.0243195686489344,0.245930314064026,-0.00331227760761976,0.0126776350662112,0.00085439853137359
2451911.5,1.53600919246674,0.0370327308773994,0.246775969862938,-0.00343159073963761,0.0126741556450725,0.000835196406114846
2451912.5,1.53251433372498,0.0497397556900978,0.247602880001068,-0.00355128454975784,0.0126696946099401,0.000815829203929752
2451913.5,1.5289009809494,0.0624396577477455,0.248410731554031,-0.00367135275155306,0.0126642528921366,0.000796297332271934
2451914.5,1.52516663074493,0.0751311853528023,0.249199450016022,-0.00379179324954748,0.0126578127965331,0.000776599859818816
2451915.5,1.52131283283234,0.0878133848309517,0.249968856573105,-0.00391259836032987,0.0126503650099039,0.000756736728362739
2451916.5,1.51733911037445,0.100485540926456,0.250718832015991,-0.00403376389294863,0.0126418974250555,0.000736707879696041
2451917.5,1.51324391365051,0.113146461546421,0.251449137926102,-0.00415528751909733,0.0126324100419879,0.000716512440703809
2451918.5,1.50902783870697,0.125794753432274,0.252159714698792,-0.00427716225385666,0.0126218842342496,0.000696151109877974
2451919.5,1.50469017028809,0.138429746031761,0.252850204706192,-0.00439938018098474,0.012610306032002,0.000675622897688299
2451920.5,1.50023066997528,0.151050850749016,0.253520727157593,-0.00452194036915898,0.012597675435245,0.000654927629511803
2451921.5,1.49564969539642,0.163656160235405,0.25417086482048,-0.00464483443647623,0.0125839710235596,0.000634065305348486
2451922.5,1.49094593524933,0.17624543607235,0.254800617694855,-0.00476805726066232,0.0125691909343004,0.000613035634160042
2451923.5,1.486119389534,0.188817486166954,0.255409687757492,-0.00489160278812051,0.0125533165410161,0.00059183849953115
2451924.5,1.48117017745972,0.20137070119381,0.255998075008392,-0.00501546217128634,0.0125363431870937,0.000570472970139235
2451925.5,1.47609722614288,0.213904961943626,0.256565511226654,-0.00513963308185339,0.0125182494521141,0.000548939977306873
2451926.5,1.47090148925781,0.226418301463127,0.257111787796021,-0.0052641024813056,0.0124990371987224,0.000527238938957453
2451927.5,1.46558105945587,0.238910719752312,0.257636785507202,-0.00538886804133654,0.0124786850064993,0.000505369447637349
2451928.5,1.46013689041138,0.251380294561386,0.25814026594162,-0.00551392044872046,0.0124571761116385,0.000483331590658054
2451929.5,1.45456838607788,0.263825923204422,0.258622139692307,-0.00563925132155418,0.0124345114454627,0.000461125542642549
2451930.5,1.44887518882751,0.276247411966324,0.259082198143005,-0.0057648541405797,0.0124106714501977,0.000438750314060599
2451931.5,1.44305670261383,0.288643330335617,0.259520322084427,-0.00589071912690997,0.0123856430873275,0.000416207098169252
2451932.5,1.43711292743683,0.301012247800827,0.259936273097992,-0.00601684022694826,0.012359413318336,0.000393494381569326
2451933.5,1.43104422092438,0.313353389501572,0.260329782962799,-0.00614320626482368,0.0123319765552878,0.000370613561244681
2451934.5,1.42484962940216,0.3256656229496,0.260700821876526,-0.0062698065303266,0.0123033057898283,0.000347563793184236
2451935.5,1.41852879524231,0.337947934865952,0.261049211025238,-0.00639663496986032,0.0122733972966671,0.000324345397530124
2451936.5,1.4120819568634,0.35019913315773,0.261374622583389,-0.00652367761358619,0.0122422305867076,0.000300958141451702
2451937.5,1.40550875663757,0.362418085336685,0.26167705655098,-0.00665093073621392,0.0122098019346595,0.000277402228675783
2451938.5,1.39880883693695,0.374603718519211,0.261956214904785,-0.00677837943658233,0.0121760927140713,0.000253678037552163
2451939.5,1.39198219776154,0.386754840612411,0.26221176981926,-0.00690600927919149,0.0121410861611366,0.000229785335250199
2451940.5,1.38502824306488,0.39887061715126,0.262443870306015,-0.00703381793573499,0.0121047645807266,0.000205724179977551
2451941.5,1.37794756889343,0.410949379205704,0.262652039527893,-0.00716178771108389,0.0120671233162284,0.000181494760909118
2451942.5,1.37073922157288,0.422989875078201,0.262836307287216,-0.00728990556672215,0.0120281390845776,0.000157097791088745
2451943.5,1.36340343952179,0.43499168753624,0.262996286153793,-0.00741816544905305,0.0119878072291613,0.000132532804855146
2451944.5,1.3559398651123,0.446952790021896,0.263131886720657,-0.0075465515255928,0.01194610260427,0.000107800617115572
2451945.5,1.34834825992584,0.4588722884655,0.263243019580841,-0.00767504889518023,0.0119030149653554,8.29015771159902e-05
2451946.5,1.34062957763672,0.470749169588089,0.263329327106476,-0.00780364545062184,0.0118585312739015,5.78360486542806e-05
2451947.5,1.3327819108963,0.482581824064255,0.263390570878983,-0.0079323286190629,0.011812630109489,3.26034823956434e-05
2451948.5,1.32480669021606,0.494368821382523,0.263426750898361,-0.00806108303368092,0.0117653049528599,7.20569778422941e-06
2451949.5,1.31670320034027,0.506109416484833,0.263437569141388,-0.00818989519029856,0.0117165334522724,-1.83576212293701e-05
2451950.5,1.3084716796875,0.517801523208618,0.263422816991806,-0.00831875111907721,0.0116663025692105,-4.4085882109357e-05
2451951.5,1.30011129379272,0.529444396495819,0.263382375240326,-0.00844763405621052,0.0116145927459002,-6.99784359312616e-05
2451952.5,1.29162323474884,0.541036605834961,0.263316005468369,-0.00857653003185987,0.0115613928064704,-9.60343459155411e-05
2451953.5,1.28300654888153,0.552576661109924,0.263223379850388,-0.00870542041957378,0.0115066897124052,-0.000122253753943369
2451954.5,1.27426135540009,0.5640629529953,0.263104528188705,-0.00883428938686848,0.0114504639059305,-0.000148634804645553
2451955.5,1.26538836956024,0.575494229793549,0.262959182262421,-0.00896312203258276,0.0113927014172077,-0.000175177134224214
2451956.5,1.25638699531555,0.58686900138855,0.262787103652954,-0.00909189693629742,0.0113333836197853,-0.000201879651285708
2451957.5,1.24725759029388,0.598185420036316,0.262588143348694,-0.00922059919685125,0.0112725021317601,-0.000228742224862799
2451958.5,1.23800027370453,0.609442830085754,0.262362092733383,-0.00934921018779278,0.0112100308761001,-0.000255763239692897
2451959.5,1.22861480712891,0.620638608932495,0.262108683586121,-0.0094777112826705,0.01114596799016,-0.000282941182376817
2451960.5,1.21910178661346,0.631771922111511,0.261827886104584,-0.00960608385503292,0.0110802855342627,-0.000310275703668594
2451961.5,1.20946085453033,0.64284086227417,0.261519342660904,-0.00973430834710598,0.0110129797831178,-0.000337765202857554
2451962.5,1.19969308376312,0.653844118118286,0.261183053255081,-0.00986236333847046,0.0109440302476287,-0.000365408370271325
2451963.5,1.18979811668396,0.664779424667358,0.26081857085228,-0.00999022647738457,0.0108734183013439,-0.000393203314160928
2451964.5,1.17977607250214,0.675646066665649,0.260426074266434,-0.010117881000042,0.0108011364936829,-0.000421149365138263
2451965.5,1.16962778568268,0.686441421508789,0.260005056858063,-0.0102453026920557,0.0107271643355489,-0.000449243903858587
2451966.5,1.15935289859772,0.697164177894592,0.2595554292202,-0.0103724682703614,0.0106514981016517,-0.000477486115414649
2451967.5,1.1489520072937,0.707812428474426,0.259077221155167,-0.0104993581771851,0.0105741135776043,-0.000505874108057469
2451968.5,1.13842570781708,0.718384385108948,0.258569955825806,-0.0106259472668171,0.010495001450181,-0.000534405640792102
2451969.5,1.12777376174927,0.728878259658813,0.258033692836761,-0.0107522150501609,0.0104141486808658,-0.00056307902559638
2451970.5,1.11699724197388,0.739292979240417,0.25746813416481,-0.0108781373128295,0.0103315431624651,-0.000591891817748547
2451971.5,1.10609638690948,0.749625563621521,0.25687313079834,-0.0110036814585328,0.0102471681311727,-0.000620841805357486
2451972.5,1.09507119655609,0.759874939918518,0.256248593330383,-0.0111288325861096,0.0101610170677304,-0.000649927125778049
2451973.5,1.08392286300659,0.770038485527039,0.255594372749329,-0.0112535627558827,0.0100730760022998,-0.000679144344758242
2451974.5,1.07265114784241,0.780114769935608,0.254910230636597,-0.0113778421655297,0.00998333562165499,-0.000708491948898882
2451975.5,1.06125724315643,0.790102124214172,0.25419607758522,-0.0115016438066959,0.00989178102463484,-0.000737966212909669
2451976.5,1.04974126815796,0.799998044967651,0.25345179438591,-0.0116249462589622,0.00979840941727161,-0.000767565215937793
2451977.5,1.03810441493988,0.80980110168457,0.252677202224731,-0.0117477225139737,0.0097032031044364,-0.000797284999862313
2451978.5,1.02634608745575,0.819509267807007,0.251872271299362,-0.0118699353188276,0.00960616022348404,-0.000827123643830419
2451979.5,1.01446807384491,0.82912015914917,0.251036733388901,-0.0119915632531047,0.00950726866722107,-0.000857076316606253
2451980.5,1.00247037410736,0.838631749153137,0.25017049908638,-0.0121125746518373,0.00940652098506689,-0.000887140980921686
2451981.5,0.990354061126709,0.848042964935303,0.249273508787155,-0.0122329415753484,0.00930391065776348,-0.000917313096579164
2451982.5,0.978119373321533,0.857350826263428,0.248345702886581,-0.0123526342213154,0.00919942371547222,-0.000947589753195643
2451983.5,0.965767443180084,0.866553902626038,0.247386932373047,-0.0124716199934483,0.00909306760877371,-0.000977966235950589
2451984.5,0.953298389911652,0.875649094581604,0.246397063136101,-0.0125898653641343,0.0089848292991519,-0.00100843945983797
2451985.5,0.940714359283447,0.88463568687439,0.245376035571098,-0.0127073433250189,0.00887470692396164,-0.00103900372050703
2451986.5,0.928014159202576,0.893511533737183,0.244323790073395,-0.0128240212798119,0.00876269582659006,-0.00106965634040534
2451987.5,0.915199875831604,0.902273654937744,0.243240252137184,-0.012939864769578,0.00864878762513399,-0.00110039149876684
2451988.5,0.902272164821625,0.910920739173889,0.242125406861305,-0.0130548411980271,0.0085329944267869,-0.00113120547030121
2451989.5,0.889231503009796,0.919450640678406,0.24097903072834,-0.0131689105182886,0.00841529667377472,-0.00116209243424237
2451990.5,0.876078844070435,0.927860975265503,0.239801302552223,-0.0132820457220078,0.00829570647329092,-0.0011930480832234
2451991.5,0.862814903259277,0.936150312423706,0.238591954112053,-0.0133942142128944,0.00817421916872263,-0.0012240664800629
2451992.5,0.849441230297089,0.944316148757935,0.237351149320602,-0.0135053731501102,0.00805083569139242,-0.00125514320097864
2451993.5,0.835957765579224,0.952357172966003,0.23607873916626,-0.0136154918000102,0.00792555883526802,-0.00128627149388194
2451994.5,0.822365820407867,0.960270166397095,0.234774738550186,-0.0137245301157236,0.00779838860034943,-0.00131744693499058
2451995.5,0.80866664648056,0.968053698539734,0.233439072966576,-0.0138324620202184,0.00766932731494308,-0.00134866242296994
2451996.5,0.794860482215881,0.975706577301025,0.232071861624718,-0.0139392344281077,0.00753838615491986,-0.00137991248629987
2451997.5,0.780949056148529,0.983225584030151,0.230672985315323,-0.0140448166057467,0.00740555766969919,-0.00141119072213769
2451998.5,0.766932249069214,0.990609765052795,0.229242488741875,-0.0141491759568453,0.00727085350081325,-0.00144249107688665
2451999.5,0.752812385559082,0.997856140136719,0.227780535817146,-0.0142522677779198,0.00713428575545549,-0.00147380586713552
2452000.5,0.738589286804199,1.0049637556076,0.226286843419075,-0.0143540604040027,0.0069958483800292,-0.00150512997061014
2452001.5,0.724264442920685,1.01192986965179,0.224761635065079,-0.0144545007497072,0.00685555534437299,-0.00153645523823798
2452002.5,0.709839105606079,1.01875329017639,0.223204970359802,-0.0145535701885819,0.00671341875568032,-0.00156777503434569
2452003.5,0.695313990116119,1.02543199062347,0.221616789698601,-0.0146512081846595,0.0065694353543222,-0.00159908237401396
2452004.5,0.680690288543701,1.03196358680725,0.219997256994247,-0.0147473877295852,0.00642362236976624,-0.00163036934100091
2452005.5,0.665969133377075,1.03834617137909,0.218346282839775,-0.0148420669138432,0.00627598771825433,-0.00166162825189531
2452006.5,0.651151657104492,1.04457914829254,0.216664060950279,-0.014935202896595,0.00612654210999608,-0.00169285235460848
2452007.5,0.636239171028137,1.05065941810608,0.21495059132576,-0.01502675563097,0.00597530044615269,-0.00172403326723725
2452008.5,0.621232390403748,1.05658519268036,0.213205918669701,-0.0151166850700974,0.00582226132974029,-0.0017551634227857
2452009.5,0.606132686138153,1.06235575675964,0.211430266499519,-0.0152049493044615,0.00566744850948453,-0.00178623467218131
2452010.5,0.590941607952118,1.06796860694885,0.20962356030941,-0.0152915064245462,0.00551086757332087,-0.00181723886635154
2452011.5,0.575660109519958,1.07342219352722,0.20778600871563,-0.0153763219714165,0.00535253202542663,-0.00184816727414727
2452012.5,0.560289740562439,1.07871425151825,0.205917522311211,-0.0154593456536531,0.00519245676696301,-0.00187901244498789
2452013.5,0.544831931591034,1.08384442329407,0.204018518328667,-0.0155405383557081,0.00503065623342991,-0.00190976494923234
2452014.5,0.529287755489349,1.08881032466888,0.202088847756386,-0.0156198618933558,0.0048671355471015,-0.0019404178019613
2452015.5,0.513659000396729,1.0936096906662,0.200128644704819,-0.0156972780823708,0.00470191659405828,-0.00197096029296517
2452016.5,0.497946918010712,1.09824168682098,0.198138102889061,-0.0157727375626564,0.00453501101583242,-0.00200138590298593
2452017.5,0.482153564691544,1.10270440578461,0.196117386221886,-0.0158462040126324,0.004366435110569,-0.00203168392181396
2452018.5,0.466279715299606,1.10699605941772,0.194066479802132,-0.0159176364541054,0.00419619912281632,-0.00206184736452997
2452019.5,0.450327813625336,1.11111605167389,0.191985696554184,-0.0159869864583015,0.0040243249386549,-0.00209186621941626
2452020.5,0.434299379587173,1.1150621175766,0.189875036478043,-0.0160542242228985,0.00385082350112498,-0.00212173094041646
2452021.5,0.418196201324463,1.11883294582367,0.187734723091125,-0.0161193050444126,0.00367571017704904,-0.00215143337845802
2452022.5,0.402020007371902,1.12242686748505,0.185564890503883,-0.0161821916699409,0.00349900126457214,-0.00218096608296037
2452023.5,0.385773152112961,1.12584257125854,0.183365747332573,-0.0162428356707096,0.00332072051241994,-0.00221031717956066
2452024.5,0.369457423686981,1.12907934188843,0.181137442588806,-0.0163012109696865,0.0031408763024956,-0.00223947898484766
2452025.5,0.353074789047241,1.13213443756104,0.178880035877228,-0.0163572579622269,0.00295948958955705,-0.00226844265125692
2452026.5,0.336627870798111,1.13500690460205,0.176593840122223,-0.0164109542965889,0.00277657876722515,-0.00229719839990139
2452027.5,0.320118576288223,1.13769602775574,0.174279049038887,-0.0164622534066439,0.00259216385893524,-0.00232573808170855
2452028.5,0.303549289703369,1.1401994228363,0.171935707330704,-0.0165111180394888,0.00240625906735659,-0.00235405098646879
2452029.5,0.286922842264175,1.14251637458801,0.169564202427864,-0.0165575109422207,0.00221889256499708,-0.0023821284994483
2452030.5,0.270241647958755,1.14464557170868,0.167164742946625,-0.0166013911366463,0.00203008227981627,-0.00240996107459068
2452031.5,0.253508239984512,1.14658606052399,0.164737388491631,-0.0166427306830883,0.00183984776958823,-0.00243754056282341
2452032.5,0.2367252856493,1.14833450317383,0.162282481789589,-0.0166814830154181,0.00164820952340961,-0.00246485718525946
2452033.5,0.21989643573761,1.14989268779755,0.159800365567207,-0.0167176127433777,0.00145520246587694,-0.00249190046451986
2452034.5,0.203023582696915,1.1512576341629,0.157291069626808,-0.0167510788887739,0.00126083928626031,-0.0025186634156853
2452035.5,0.186110600829124,1.15242779254913,0.154755011200905,-0.016781859099865,0.0010651524644345,-0.0025451339315623
2452036.5,0.169159963726997,1.15340209007263,0.152192428708076,-0.0168099049478769,0.000868165167048573,-0.00257130572572351
2452037.5,0.15217587351799,1.15418004989624,0.149603620171547,-0.0168351959437132,0.000669914705213159,-0.0025971659924835
2452038.5,0.1351607888937,1.15475916862488,0.14698888361454,-0.0168576817959547,0.00047041752259247,-0.00262270797975361
2452039.5,0.11811862885952,1.15513908863068,0.14434851706028,-0.0168773420155048,0.00026971657644026,-0.00264792144298553
2452040.5,0.101053163409233,1.15531837940216,0.141682863235474,-0.0168941374868155,6.78402866469696e-05,-0.0026727975346148
2452041.5,0.083967924118042,1.15529632568359,0.138992235064507,-0.0169080402702093,-0.000135170659632422,-0.00269732484593987
2452042.5,0.06686632335186,1.15507090091705,0.136276945471764,-0.0169190093874931,-0.000339290301781148,-0.0027214961592108
2452043.5,0.0497528612613678,1.15464079380035,0.133537456393242,-0.01692702062428,-0.000544470327440649,-0.00274530029855669
2452044.5,0.032630980014801,1.15400528907776,0.13077412545681,-0.0169320441782475,-0.000750678183976561,-0.00276873004622757
2452045.5,0.0155050316825509,1.15316355228424,0.12798735499382,-0.016934048384428,-0.000957865326199681,-0.00279177236370742
2452046.5,-0.00162124529015273,1.15211367607117,0.125177338719368,-0.0169330127537251,-0.00116599292960018,-0.00281442073173821
2452047.5,-0.0187429767102003,1.15085518360138,0.122344866394997,-0.0169288944453001,-0.00137500802520663,-0.00283666467294097
2452048.5,-0.0358568727970123,1.14938616752625,0.119490064680576,-0.0169216748327017,-0.00158487213775516,-0.0028584951069206
2452049.5,-0.0529578328132629,1.14770591259003,0.116613484919071,-0.016911331564188,-0.0017955262446776,-0.00287990178912878
2452050.5,-0.0700419545173645,1.14581322669983,0.113715626299381,-0.0168978311121464,-0.00200692471116781,-0.00290087540633976
2452051.5,-0.0871044993400574,1.1437075138092,0.110796988010406,-0.0168811585754156,-0.00221900688484311,-0.00292140641249716
2452052.5,-0.104141712188721,1.14138746261597,0.107857890427113,-0.0168612841516733,-0.0024317221250385,-0.00294148665852845
2452053.5,-0.121148645877838,1.13885116577148,0.104898914694786,-0.0168381910771132,-0.00264501315541565,-0.00296110566705465
2452054.5,-0.138120830059052,1.1360992193222,0.101920649409294,-0.0168118495494127,-0.0028588124550879,-0.00298025319352746
2452055.5,-0.155054032802582,1.13312983512878,0.0989235639572144,-0.0167822521179914,-0.00307306414470077,-0.00299892155453563
2452056.5,-0.171944558620453,1.12994229793549,0.0959080308675766,-0.0167493708431721,-0.00328770722262561,-0.00301710143685341
2452057.5,-0.188786953687668,1.12653577327728,0.0928748026490211,-0.0167131964117289,-0.00350266601890326,-0.00303478236310184
2452058.5,-0.205577462911606,1.1229100227356,0.0898243859410286,-0.0166737083345652,-0.00371787906624377,-0.00305195664986968
2452059.5,-0.222311347723007,1.11906361579895,0.0867573395371437,-0.0166308972984552,-0.00393327511847019,-0.00306861405260861
2452060.5,-0.238985538482666,1.11499631404877,0.0836740434169769,-0.0165847484022379,-0.00414878688752651,-0.00308474758639932
2452061.5,-0.255595088005066,1.11070799827576,0.0805752798914909,-0.0165352486073971,-0.0043643401004374,-0.00310034747235477
2452062.5,-0.272136390209198,1.10619723796844,0.0774615108966827,-0.0164823941886425,-0.00457986304536462,-0.00311540556140244
2452063.5,-0.288604974746704,1.10146486759186,0.0743334367871284,-0.0164261776953936,-0.00479527562856674,-0.00312991347163916
2452064.5,-0.304997742176056,1.09650981426239,0.0711915045976639,-0.0163665916770697,-0.00501050660386682,-0.00314386235550046
2452065.5,-0.321310818195343,1.09133291244507,0.0680363476276398,-0.0163036305457354,-0.00522547774016857,-0.00315724592655897
2452066.5,-0.337540507316589,1.08593225479126,0.0648685693740845,-0.0162372887134552,-0.00544011313468218,-0.0031700546387583
2452067.5,-0.35368412733078,1.08031046390533,0.0616887770593166,-0.0161675866693258,-0.00565433036535978,-0.00318228243850172
2452068.5,-0.36973762512207,1.07446587085724,0.0584975965321064,-0.0160945076495409,-0.00586805073544383,-0.00319392164237797
2452069.5,-0.385698318481445,1.06840002536774,0.0552955307066441,-0.0160180628299713,-0.0060811978764832,-0.00320496433414519
2452070.5,-0.401563704013824,1.06211268901825,0.0520832128822803,-0.015938263386488,-0.00629368890076876,-0.0032154053915292
2452071.5,-0.417330026626587,1.05560564994812,0.0488613545894623,-0.0158551130443811,-0.00650543905794621,-0.00322523806244135
2452072.5,-0.432995736598969,1.04887855052948,0.0456303991377354,-0.0157686211168766,-0.00671637756749988,-0.00323445769026875
2452073.5,-0.44855809211731,1.04193294048309,0.0423909872770309,-0.0156788155436516,-0.00692641455680132,-0.00324305496178567
2452074.5,-0.464015245437622,1.03476989269257,0.0391436964273453,-0.0155856981873512,-0.00713547552004457,-0.00325102708302438
2452075.5,-0.479364097118378,1.02739083766937,0.035889308899641,-0.0154892951250076,-0.00734346779063344,-0.00325836963020265
2452076.5,-0.49460357427597,1.01979732513428,0.0326282195746899,-0.01538962777704,-0.00755032664164901,-0.00326507561840117
2452077.5,-0.509731352329254,1.01199078559875,0.0293611064553261,-0.0152867184951901,-0.00775596126914024,-0.00327114341780543
2452078.5,-0.524746775627136,1.00397312641144,0.026088509708643,-0.0151805970817804,-0.0079602999612689,-0.00327656720764935
2452079.5,-0.539647221565247,0.995746731758118,0.0228112284094095,-0.0150712933391333,-0.00816325005143881,-0.00328134512528777
2452080.5,-0.554431796073914,0.987313508987427,0.0195296537131071,-0.014958830550313,-0.00836474727839231,-0.0032854734454304
2452081.5,-0.569099605083466,0.978675484657288,0.0162444300949574,-0.0148432571440935,-0.00856471061706543,-0.00328895030543208
2452082.5,-0.583648920059204,0.96983528137207,0.0129561582580209,-0.0147246010601521,-0.00876305717974901,-0.00329177360981703
2452083.5,-0.598078489303589,0.960796236991882,0.00966564193367958,-0.0146029097959399,-0.00895971618592739,-0.0032939394004643
2452084.5,-0.612387895584106,0.951560497283936,0.00637323083356023,-0.0144782168790698,-0.0091546131297946,-0.00329545070417225
2452085.5,-0.62657642364502,0.94213080406189,0.00307959620840847,-0.0143505707383156,-0.00934767909348011,-0.00329630449414253
2452086.5,-0.640642404556274,0.932511210441589,-0.000214570492971689,-0.0142200328409672,-0.00953883212059736,-0.00329649960622191
2452087.5,-0.654585003852844,0.922704219818115,-0.00350859924219549,-0.0140866292640567,-0.00972800701856613,-0.00329603836871684
2452088.5,-0.668404042720795,0.912713408470154,-0.00680205645039678,-0.0139504270628095,-0.0099151348695159,-0.00329492054879665
2452089.5,-0.682098507881165,0.902541756629944,-0.0100942030549049,-0.0138114793226123,-0.0101001495495439,-0.00329314824193716
2452090.5,-0.695666551589966,0.892193913459778,-0.0133843999356031,-0.0136698465794325,-0.0102829867973924,-0.00329072237946093
2452091.5,-0.709108054637909,0.881672382354736,-0.0166719872504473,-0.0135255893692374,-0.0104635739699006,-0.00328764668665826
2452092.5,-0.722422122955322,0.870981335639954,-0.0199564229696989,-0.0133787654340267,-0.0106418570503592,-0.00328392186202109
2452093.5,-0.73560756444931,0.860125064849854,-0.023237019777298,-0.0132294408977032,-0.0108177782967687,-0.00327955163083971
2452094.5,-0.748663485050201,0.849106431007385,-0.0265131201595068,-0.0130776790902019,-0.0109912753105164,-0.00327454041689634
2452095.5,-0.761588156223297,0.837930560112,-0.0297840610146523,-0.0129235545173287,-0.0111622903496027,-0.0032688919454813
2452096.5,-0.77438098192215,0.826600193977356,-0.0330492928624153,-0.012767125852406,-0.0113307880237699,-0.00326261133886874
2452097.5,-0.787040412425995,0.815119504928589,-0.0363080985844135,-0.0126084787771106,-0.0114966938272119,-0.00325570278801024
2452098.5,-0.79956465959549,0.803493022918701,-0.0395598150789738,-0.0124476756900549,-0.0116599779576063,-0.00324817164801061
2452099.5,-0.811952173709869,0.791723966598511,-0.0428037159144878,-0.0122847985476255,-0.0118205873295665,-0.00324002536945045
2452100.5,-0.824201881885529,0.779816508293152,-0.046039305627346,-0.012119916267693,-0.0119784837588668,-0.00323126907460392
2452101.5,-0.836311280727386,0.767774105072021,-0.0492658615112305,-0.0119531042873859,-0.0121336225420237,-0.00322190904989839
2452102.5,-0.8482785820961,0.755600810050964,-0.0524826794862747,-0.0117844473570585,-0.0122859729453921,-0.00321195181459188
2452103.5,-0.86010068655014,0.743300676345825,-0.0556890666484833,-0.0116140237078071,-0.0124354884028435,-0.0032014069147408
2452104.5,-0.871777594089508,0.730875611305237,-0.0588845908641815,-0.0114418938755989,-0.0125821577385068,-0.00319028063677251
2452105.5,-0.883305013179779,0.718330860137939,-0.0620683878660202,-0.0112681519240141,-0.0127259353175759,-0.00317857973277569
2452106.5,-0.89468115568161,0.705668687820435,-0.0652399286627769,-0.0110928751528263,-0.0128668043762445,-0.00316631351597607
2452107.5,-0.9059037566185,0.692893028259277,-0.0683984979987144,-0.0109161427244544,-0.0130047462880611,-0.00315348990261555
2452108.5,-0.916969358921051,0.68000602722168,-0.0715435519814491,-0.0107380235567689,-0.0131397303193808,-0.00314011890441179
2452109.5,-0.927875459194183,0.66701066493988,-0.0746744424104691,-0.0105586033314466,-0.0132717480883002,-0.00312620610930026
2452110.5,-0.938619554042816,0.653910517692566,-0.0777905955910683,-0.0103779518976808,-0.0134007846936584,-0.00311176455579698
2452111.5,-0.949197590351105,0.64070737361908,-0.0808912739157677,-0.0101961549371481,-0.0135268270969391,-0.00309679983183742
2452112.5,-0.959607422351837,0.627403736114502,-0.0839761197566986,-0.0100132748484612,-0.013649863190949,-0.00308132311329246
2452113.5,-0.969845116138458,0.614001989364624,-0.0870444104075432,-0.00982938520610332,-0.0137698985636234,-0.00306534115225077
2452114.5,-0.979907810688019,0.600504279136658,-0.090095654129982,-0.00964456796646118,-0.0138869266957045,-0.00304886512458324
2452115.5,-0.989792287349701,0.586911380290985,-0.0931292697787285,-0.00945888459682465,-0.014000941067934,-0.00303190271370113
2452116.5,-0.999494850635529,0.5732262134552,-0.0961448177695274,-0.00927240028977394,-0.0141119528561831,-0.00301446486264467
2452117.5,-1.0090126991272,0.559448897838593,-0.0991417840123177,-0.00908518396317959,-0.0142199583351612,-0.00299655762501061
2452118.5,-1.01834189891815,0.545581042766571,-0.102119639515877,-0.00889729522168636,-0.0143249668180943,-0.00297819264233112
2452119.5,-1.02747869491577,0.531624317169189,-0.105077914893627,-0.00870880763977766,-0.0144269904121757,-0.00295937759801745
2452120.5,-1.03642094135284,0.517578661441803,-0.108016222715378,-0.00851975660771132,-0.0145260384306312,-0.00294012087397277
2452121.5,-1.04516410827637,0.503444910049438,-0.110934160649776,-0.00833021011203527,-0.0146221229806542,-0.00292043085210025
2452122.5,-1.0537052154541,0.489222973585129,-0.113831296563148,-0.00814022403210402,-0.0147152589634061,-0.002900316612795
2452123.5,-1.06204092502594,0.474913865327835,-0.116707146167755,-0.00794984400272369,-0.014805456623435,-0.00287978607229888
2452124.5,-1.07016777992249,0.460517257452011,-0.119561545550823,-0.00775911891832948,-0.0148927392438054,-0.00285884644836187
2452125.5,-1.0780827999115,0.446032851934433,-0.122393995523453,-0.00756809627637267,-0.0149771273136139,-0.00283750565722585
2452126.5,-1.08578300476074,0.431460291147232,-0.125204339623451,-0.00737680681049824,-0.0150586329400539,-0.0028157711494714
2452127.5,-1.09326434135437,0.416799575090408,-0.127992033958435,-0.00718530733138323,-0.0151372859254479,-0.00279365410096943
2452128.5,-1.10052514076233,0.402049690485001,-0.130756959319115,-0.00699362391605973,-0.01521310582757,-0.00277115614153445
2452129.5,-1.10756099224091,0.387209862470627,-0.133498802781105,-0.00680179428309202,-0.0152861103415489,-0.00274828774854541
2452130.5,-1.11437022686005,0.372280031442642,-0.136217221617699,-0.00660985521972179,-0.0153563283383846,-0.00272505567409098
2452131.5,-1.1209499835968,0.357259005308151,-0.138911932706833,-0.00641783699393272,-0.0154237858951092,-0.00270146643742919
2452132.5,-1.12729632854462,0.342146068811417,-0.141582801938057,-0.00622577499598265,-0.0154885109513998,-0.00267752795480192
2452133.5,-1.13340854644775,0.326939970254898,-0.144229382276535,-0.00603369623422623,-0.0155505184084177,-0.0026532462798059
2452134.5,-1.13928294181824,0.311640948057175,-0.146851509809494,-0.00584163330495358,-0.0156098464503884,-0.00262863002717495
2452135.5,-1.14491724967957,0.296248286962509,-0.149448752403259,-0.0056496225297451,-0.0156665183603764,-0.00260368711315095
2452136.5,-1.15030992031097,0.28076109290123,-0.152020946145058,-0.00545768951997161,-0.0157205685973167,-0.00257842522114515
2452137.5,-1.15545892715454,0.265178889036179,-0.154567718505859,-0.00526586920022964,-0.0157720167189837,-0.0025528515689075
2452138.5,-1.16036105155945,0.249502286314964,-0.157088696956635,-0.00507420348003507,-0.0158209055662155,-0.00252697640098631
2452139.5,-1.1650162935257,0.233731970191002,-0.159583404660225,-0.00488273752853274,-0.0158672649413347,-0.00250081066042185
2452140.5,-1.16942203044891,0.217867895960808,-0.162051618099213,-0.00469150440767407,-0.0159111302345991,-0.0024743617977947
2452141.5,-1.17357742786407,0.201911792159081,-0.164492726325989,-0.00450056232511997,-0.0159525312483311,-0.00244764424860477
2452142.5,-1.1774810552597,0.185865446925163,-0.166906207799911,-0.00430996716022491,-0.0159915182739496,-0.00242066849023104
2452143.5,-1.18113136291504,0.169731602072716,-0.169291496276855,-0.00411978643387556,-0.0160281211137772,-0.00239345151931047
2452144.5,-1.18452835083008,0.153512760996819,-0.171647965908051,-0.00393008068203926,-0.0160623826086521,-0.00236600544303656
2452145.5,-1.18767106533051,0.137212678790092,-0.173975005745888,-0.00374093512073159,-0.0160943605005741,-0.00233834842219949
2452146.5,-1.19056010246277,0.120837070047855,-0.176271766424179,-0.00355244358070195,-0.0161240920424461,-0.00231049978174269
2452147.5,-1.19319522380829,0.104391373693943,-0.17853756248951,-0.0033647024538368,-0.016151636838913,-0.0022824804764241
2452148.5,-1.19557666778564,0.0878822579979897,-0.180771365761757,-0.00317781651392579,-0.0161770507693291,-0.00225431146100163
2452149.5,-1.19770586490631,0.0713174715638161,-0.182972326874733,-0.00299190892837942,-0.0162003990262747,-0.00222601764835417
2452150.5,-1.19958329200745,0.0547061935067177,-0.185139551758766,-0.00280711054801941,-0.0162217449396849,-0.00219762604683638
2452151.5,-1.20121228694916,0.038058914244175,-0.187271848320961,-0.0026235633995384,-0.0162411499768496,-0.0021691657602787
2452152.5,-1.2025945186615,0.0213862750679255,-0.189368218183517,-0.00244141509756446,-0.0162586960941553,-0.00214066659100354
2452153.5,-1.20373284816742,0.0047015636228025,-0.19142758846283,-0.00226082652807236,-0.0162744671106339,-0.00211216136813164
2452154.5,-1.20463109016418,-0.0119817163795233,-0.193448781967163,-0.00208196532912552,-0.016288535669446,-0.00208368431776762
2452155.5,-1.20529413223267,-0.0286485459655523,-0.19543069601059,-0.00190500786993653,-0.0163009967654943,-0.00205527152866125
2452156.5,-1.20572578907013,-0.0452825948596001,-0.19737209379673,-0.0017301351763308,-0.0163119379431009,-0.00202696165069938
2452157.5,-1.20593357086182,-0.0618676468729973,-0.199272155761719,-0.00155752431601286,-0.0163214597851038,-0.00199879100546241
2452158.5,-1.20592188835144,-0.078385554254055,-0.201129600405693,-0.00138735864311457,-0.0163296461105347,-0.00197079870849848
2452159.5,-1.20569908618927,-0.0948179289698601,-0.202943578362465,-0.00121982779819518,-0.0163366105407476,-0.0019430264364928
2452160.5,-1.20527303218842,-0.111145459115505,-0.204713150858879,-0.00105511082801968,-0.0163424499332905,-0.00191551237367094
2452161.5,-1.20465135574341,-0.127349451184273,-0.206437438726425,-0.000893373799044639,-0.0163472592830658,-0.00188829493708909
2452162.5,-1.20384383201599,-0.143410429358482,-0.208115786314011,-0.000734789879061282,-0.0163511522114277,-0.00186141312588006
2452163.5,-1.20286011695862,-0.159309104084969,-0.209747716784477,-0.000579507846850902,-0.016354214400053,-0.00183490267954767
2452164.5,-1.20170986652374,-0.175026252865791,-0.211332648992538,-0.000427679449785501,-0.0163565538823605,-0.00180879922118038
2452165.5,-1.20040440559387,-0.190543979406357,-0.21287028491497,-0.000279426574707031,-0.0163582637906075,-0.00178313557989895
2452166.5,-1.19895315170288,-0.205844655632973,-0.214360520243645,-0.000134865593281575,-0.0163594335317612,-0.00175794190727174
2452167.5,-1.19736814498901,-0.220911458134651,-0.215803310275078,5.90489707974484e-06,-0.0163601394742727,-0.00173324649222195
2452168.5,-1.19566082954407,-0.235728770494461,-0.217198714613914,0.000142803153721616,-0.0163604822009802,-0.00170907413121313
2452169.5,-1.19384109973907,-0.250282675027847,-0.218547016382217,0.000275769678410143,-0.0163605213165283,-0.00168544589541852
2452170.5,-1.19192087650299,-0.264560282230377,-0.219848781824112,0.000404761580284685,-0.0163603369146585,-0.00166238029487431
2452171.5,-1.18990993499756,-0.27854984998703,-0.221104264259338,0.000529746641404927,-0.0163599774241447,-0.00163989281281829
2452172.5,-1.18782007694244,-0.292241394519806,-0.222314283251762,0.000650717003736645,-0.0163595136255026,-0.00161799532361329
2452173.5,-1.18566107749939,-0.30562686920166,-0.223479628562927,0.000767677789554,-0.0163589864969254,-0.00159669655840844
2452174.5,-1.18344211578369,-0.3186996281147,-0.224601030349731,0.000880656240042299,-0.0163584426045418,-0.00157600233796984
2452175.5,-1.18117332458496,-0.331453561782837,-0.225679472088814,0.000989680178463459,-0.0163579173386097,-0.00155591638758779
2452176.5,-1.17886257171631,-0.343885689973831,-0.226715937256813,0.00109480344690382,-0.0163574423640966,-0.00153643754310906
2452177.5,-1.17651915550232,-0.355993151664734,-0.227711617946625,0.00119608629029244,-0.0163570400327444,-0.00151756370905787
2452178.5,-1.17414951324463,-0.367775231599808,-0.228667423129082,0.0012936006532982,-0.0163567345589399,-0.00149928999599069
2452179.5,-1.17176246643066,-0.379231840372086,-0.22958467900753,0.00138742430135608,-0.016356535255909,-0.0014816103503108
2452180.5,-1.16936314105988,-0.390364348888397,-0.230464458465576,0.00147764186840504,-0.0163564588874578,-0.00146451557520777
2452181.5,-1.16695821285248,-0.401175290346146,-0.231308043003082,0.00156435382086784,-0.0163565035909414,-0.00144799589179456
2452182.5,-1.16455292701721,-0.411667883396149,-0.23211658000946,0.0016476537566632,-0.0163566824048758,-0.00143203907646239
2452183.5,-1.16215205192566,-0.421846508979797,-0.232891380786896,0.00172764714807272,-0.0163569916039705,-0.00141663278918713
2452184.5,-1.15976059436798,-0.431715697050095,-0.233633473515511,0.00180443341378123,-0.016357421875,-0.00140176410786808
2452185.5,-1.15738201141357,-0.441281378269196,-0.234344154596329,0.00187812699005008,-0.0163579862564802,-0.00138741720002145
2452186.5,-1.15501940250397,-0.450549334287643,-0.235024690628052,0.00194883055519313,-0.0163586642593145,-0.00137357914354652
2452187.5,-1.15267622470856,-0.459525942802429,-0.235676065087318,0.00201665190979838,-0.0163594502955675,-0.00136023270897567
2452188.5,-1.15035533905029,-0.468218386173248,-0.236299499869347,0.00208169966936111,-0.0163603406399488,-0.00134736346080899
