time,x,y,z,vx,vy,vz,mass
2451544.5,1.390361066039004,-0.0210097222589846,-0.0346180144092705,0.0007479271359519,0.0151862986766576,0.0002997532106436,6.4171e+23
2451545.5,1.391032569593221,-0.0058225437761337,-0.0343163642043224,0.0005950961374937,0.0151877798525858,0.0003035409525559,6.4171e+23
2451546.5,1.39155129403576,0.0093652811786347,-0.0340109450183744,0.0004423724019278,0.0151875922584058,0.0003072911035558,6.4171e+23
2451547.5,1.391917357112668,0.0245520857299596,-0.03370179466731,0.0002897768563469,0.015185739724344,0.000311003225137,6.4171e+23
2451548.5,1.392130897432341,0.0397362069959867,-0.0333889513960253,0.0001373303195067,0.0151822263990897,0.0003146768865361,6.4171e+23
2451549.5,1.392192074351185,0.0549159864009368,-0.0330724538692244,-1.494651396540871e-05,0.0151770567470925,0.0003183116699086,6.4171e+23
2451550.5,1.392101067853835,0.0700897699831591,-0.032752341162311,-0.0001670330813604,0.0151702355449677,0.0003219071715072,6.4171e+23
2451551.5,1.391858078427011,0.0852559086987878,-0.0324286527518171,-0.0003189089537448,0.0151617678722609,0.000325462999617,6.4171e+23
2451552.5,1.391463326927226,0.1004127587222285,-0.0321014285053581,-0.0004705538364711,0.0151516590974095,0.0003289787717113,6.4171e+23
2451553.5,1.39091705444386,0.1155586817438688,-0.0317707086718077,-0.0006219475696282,0.0151399148711252,0.0003324541121221,6.4171e+23
2451554.5,1.39021952215839,0.1306920452641047,-0.0314365338721031,-0.0007730701309219,0.0151265411343829,0.0003358886516409,6.4171e+23
2451555.5,1.389371011198735,0.1458112228827901,-0.0310989450901423,-0.0009239016426742,0.0151115441273857,0.0003392820290864,6.4171e+23
2451556.5,1.388371822487461,0.1609145945844426,-0.0307579836630501,-0.0010744223800998,0.0150949303854281,0.000342633892852,6.4171e+23
2451557.5,1.387222276584259,0.1760005470201441,-0.0304136912709052,-0.0012246127804749,0.015076706725952,0.0003459439026324,6.4171e+23
2451558.5,1.385922713524187,0.1910674737859915,-0.0300661099266413,-0.0013744534531722,0.0150568802374138,0.0003492117318868,6.4171e+23
2451559.5,1.384473492652269,0.2061137756966676,-0.0297152819664466,-0.0015239251845206,0.0150354582726435,0.000352437068055,6.4171e+23
2451560.5,1.382874992453734,0.2211378610533057,-0.0293612500402612,-0.0016730089324203,0.015012448444589,0.000355619607764,6.4171e+23
2451561.5,1.381127610379266,0.2361381459067604,-0.029004057101928,-0.0018216858194133,0.0149878586253844,0.0003587590513743,6.4171e+23
2451562.5,1.379231762665812,0.2511130543177759,-0.0286437463991233,-0.0019699371382785,0.0149616969475161,0.000361855103897,6.4171e+23
2451563.5,1.377187884153876,0.2660610186136716,-0.0282803614635335,-0.0021177443674375,0.0149339718029594,0.00036490748084,6.4171e+23
2451564.5,1.374996428101395,0.2809804796397719,-0.0279139461013456,-0.0022650891819994,0.0149046918398339,0.0003679159118712,6.4171e+23
2451565.5,1.37265786599328,0.2958698870048616,-0.0275445443835509,-0.0024119534564165,0.0148738659550659,0.0003708801401064,6.4171e+23
2451566.5,1.370172687346227,0.3107276993217019,-0.0271722006357238,-0.0025583192645909,0.0148415032805945,0.0003737999198625,6.4171e+23
2451567.5,1.367541399509904,0.3255523844435727,-0.0267969594277222,-0.0027041688802178,0.0148076131692268,0.0003766750146984,6.4171e+23
2451568.5,1.364764527465953,0.3403424196963711,-0.0264188655640024,-0.0028494847758223,0.0147722051924067,0.0003795051955286,6.4171e+23
2451569.5,1.361842613624665,0.3550962921052319,-0.0260379640744776,-0.002994249623006,0.0147352891497394,0.0003822902398417,6.4171e+23
2451570.5,1.358776217617836,0.3698124986155987,-0.0256543002051218,-0.0031384462974156,0.0146968750728327,0.000385029932839,6.4171e+23
2451571.5,1.35556591608743,0.3844895463098284,-0.025267919407929,-0.0032820578864229,0.014656973215601,0.0003877240694848,6.4171e+23
2451572.5,1.352212302471209,0.3991259526197121,-0.0248788673307721,-0.003425067698287,0.014615594040625,0.0003903724571954,6.4171e+23
2451573.5,1.348715986786499,0.4137202455339349,-0.024487189807772,-0.0035674592690523,0.014572748210314,0.0003929749178694,6.4171e+23
2451574.5,1.345077595411906,0.4282709637992035,-0.0240929328500382,-0.0037092163612141,0.0145284465805836,0.0003955312859634,6.4171e+23
2451575.5,1.341297770866076,0.442776657115317,-0.0236961426362388,-0.0038503229542826,0.0144827001946985,0.0003980414024935,6.4171e+23
2451576.5,1.337377171583666,0.4572358863258509,-0.0232968655029119,-0.0039907632394088,0.0144355202813906,0.0004005051112688,6.4171e+23
2451577.5,1.333316471689533,0.4716472236052283,-0.0228951479349555,-0.0041305216276538,0.0143869182566534,0.0004029222622049,6.4171e+23
2451578.5,1.329116360771651,0.4860092526409304,-0.0224910365565593,-0.0042695827628565,0.0143369057235248,0.0004052927169589,6.4171e+23
2451579.5,1.324777543652044,0.5003205688094436,-0.0220845781222345,-0.0044079315267871,0.01428549446704,0.0004076163505197,6.4171e+23
2451580.5,1.320300740154895,0.5145797793463665,-0.0216758195074116,-0.0045455530382878,0.014232696442978,0.0004098930494973,6.4171e+23
2451581.5,1.315686684872291,0.528785503512032,-0.0212648076987062,-0.0046824326530176,0.0141785237623408,0.0004121227106141,6.4171e+23
2451582.5,1.310936126929066,0.5429363727528622,-0.020851589784548,-0.0048185559627589,0.0141229886807285,0.0004143052393862,6.4171e+23
2451583.5,1.306049829747434,0.5570310308574209,-0.0204362129465445,-0.0049539087914179,0.0140661036011709,0.0004164405478256,6.4171e+23
2451584.5,1.301028570810359,0.5710681341067025,-0.0200187244510359,-0.005088477192901,0.0140078810831755,0.0004185285532209,6.4171e+23
2451585.5,1.295873141422407,0.5850463514195394,-0.0195991716401154,-0.0052222474557459,0.0139483338414008,0.0004205691797241,6.4171e+23
2451586.5,1.290584346468456,0.5989643644940302,-0.0191776019222271,-0.0053552061116565,0.0138874747333768,0.0004225623615071,6.4171e+23
2451587.5,1.285163004171683,0.6128208679445672,-0.0187540627630514,-0.0054873399434295,0.0138253167483795,0.0004245080458604,6.4171e+23
2451588.5,1.279609945851147,0.6266145694329369,-0.0183286016769119,-0.0056186359872321,0.0137618730007982,0.0004264061937421,6.4171e+23
2451589.5,1.273926015678119,0.6403441897929063,-0.0179012662182206,-0.0057490815260674,0.0136971567226656,0.0004282567758572,6.4171e+23
2451590.5,1.26811207043073,0.6540084631494111,-0.0174721039726198,-0.0058786640794041,0.0136311812561135,0.0004300597668016,6.4171e+23
2451591.5,1.262168979247895,0.6676061370337032,-0.017041162548163,-0.0060073714009963,0.0135639600527551,0.0004318151437102,6.4171e+23
2451592.5,1.256097623383547,0.681135972494123,-0.0166084895670038,-0.0061351914882323,0.0134955066772664,0.0004335228910154,6.4171e+23
2451593.5,1.249898895960939,0.6945967442008846,-0.0161741326574645,-0.0062621125906013,0.0134258348065303,0.0004351830046743,6.4171e+23
2451594.5,1.243573701726074,0.7079872405443827,-0.0157381394459129,-0.0063881232099304,0.0133549582210914,0.000436795491955,6.4171e+23
2451595.5,1.237122956800194,0.7213062637282565,-0.0153005575482279,-0.0065132120981843,0.0132828907906768,0.0004383603698042,6.4171e+23
2451596.5,1.230547588432602,0.7345526298581846,-0.0148614345613771,-0.0066373682569863,0.0132096464597767,0.0004398776642667,6.4171e+23
2451597.5,1.223848534755117,0.7477251690258047,-0.0144208180557356,-0.0067605809339833,0.0131352392419889,0.0004413474088879,6.4171e+23
2451598.5,1.217026744537946,0.7608227253868771,-0.0139787555680319,-0.0068828396148101,0.0130596832260696,0.0004427696414088,6.4171e+23
2451599.5,1.210083176945623,0.7738441572342856,-0.0135352945941608,-0.0070041340197329,0.0129829925822389,0.000444144402672,6.4171e+23
2451600.5,1.203018801292536,0.7867883370672618,-0.013090482581512,-0.007124454109155,0.0129051815567375,0.0004454717394232,6.4171e+23
2451601.5,1.195834596799157,0.7996541516571627,-0.0126443669213211,-0.0072437900916887,0.0128262644603068,0.000446751708379,6.4171e+23
2451602.5,1.188531552349953,0.8124405021086589,-0.0121969949415875,-0.0073621324284362,0.0127462556606485,0.0004479843785496,6.4171e+23
2451603.5,1.181110666252279,0.8251463039151816,-0.0117484139003189,-0.0074794718292222,0.0126651695768584,0.0004491698297224,6.4171e+23
2451604.5,1.173572945995494,0.837770487009231,-0.0112986709785475,-0.0075957992423334,0.0125830206706112,0.0004503081474089,6.4171e+23
2451605.5,1.165919408010541,0.8503119958090952,-0.0108478132731813,-0.0077111058450368,0.0124998234400488,0.0004513994183269,6.4171e+23
2451606.5,1.158151077431214,0.8627697892626343,-0.0103958877902584,-0.007825383043963,0.0124155924235353,0.0004524437313533,6.4171e+23
2451607.5,1.150268987857341,0.8751428408870369,-0.0099429414387641,-0.007938622483137,0.0123303422057803,0.000453441182475,6.4171e+23
2451608.5,1.142274181118769,0.8874301388033758,-0.0094890210244707,-0.0080508160477773,0.0122440874155341,0.0004543918772257,6.4171e+23
2451609.5,1.134167707039326,0.8996306857664842,-0.0090341732433017,-0.0081619558621828,0.0121568427142962,0.000455295929722,6.4171e+23
2451610.5,1.125950623201438,0.9117434991914414,-0.0085784446744574,-0.0082720342884202,0.012068622781986,0.000456153462042,6.4171e+23
2451611.5,1.117623994712819,0.9237676111766516,-0.0081218817740024,-0.0083810439253903,0.0119794423069821,0.0004569646041533,6.4171e+23
2451612.5,1.109188893975698,0.9357020685223189,-0.0076645308691898,-0.0084889776016985,0.0118893159857905,0.000457729491219,6.4171e+23
2451613.5,1.1006464004576,0.947545932744054,-0.0072064381530051,-0.0085958283655312,0.0117982585302655,0.0004584482596233,6.4171e+23
2451614.5,1.091997600462716,0.9592982800829568,-0.0067476496783155,-0.0087015894832961,0.0117062846706926,0.0004591210471225,6.4171e+23
2451615.5,1.083243586904249,0.9709582015132172,-0.006288211351757,-0.0088062544474857,0.0116134091487279,0.0004597479972726,6.4171e+23
2451616.5,1.074385459078987,0.9825248027465272,-0.005828168927994,-0.008909816983805,0.0115196467087067,0.0004603292635947,6.4171e+23
2451617.5,1.065424322444241,0.993997204231859,-0.0053675680044873,-0.0090122710507783,0.0114250120927376,0.0004608650101874,6.4171e+23
2451618.5,1.056361288396159,1.005374541150384,-0.00490645401624,-0.0091136108319443,0.0113295200339806,0.0004613554084582,6.4171e+23
2451619.5,1.047197474049085,1.016655963406866,-0.0044448722302326,-0.0092138307250623,0.011233185246925,0.0004618006321777,6.4171e+23
2451620.5,1.037934002017052,1.027840635618763,-0.0039828677400335,-0.0093129253351754,0.0111360224248537,0.0004622008548679,6.4171e+23
2451621.5,1.028572000198361,1.038927737102714,-0.0035204854610721,-0.0094108894764634,0.0110380462481719,0.000462556252171,6.4171e+23
2451622.5,1.019112601562547,1.049916461857164,-0.0030577701262747,-0.0095077181776402,0.0109392713905621,0.0004628670058997,6.4171e+23
2451623.5,1.009556943938388,1.060806018540887,-0.0025947662813612,-0.0096034066824105,0.0108397125131601,0.0004631333050142,6.4171e+23
2451624.5,0.999906169802923,1.071595630448576,-0.0021315182796792,-0.0096979504472973,0.0107393842513565,0.0004633553449563,6.4171e+23
2451625.5,0.9901614260727646,1.082284535484212,-0.0016680702771884,-0.0097913451412414,0.01063830120302,0.0004635333280527,6.4171e+23
2451626.5,0.9803238638987088,1.092871986131328,-0.0012044662281448,-0.0098835866422659,0.0105364779237178,0.0004636674628614,6.4171e+23
2451627.5,0.9703946384631756,1.103357249419215,-0.0007407498812857,-0.0099746710264172,0.0104339289297272,0.0004637579599327,6.4171e+23
2451628.5,0.9603749087793434,1.113739606885809,-0.0002769647758721,-0.010064594557734,0.0103306687044767,0.0004638050280984,6.4171e+23
2451629.5,0.9502658374917404,1.124018354538914,0.0001868457626372,-0.0101533536905731,0.0102267116993773,0.0004638088767152,6.4171e+23
2451630.5,0.9400685906792196,1.134192802815895,0.0006506386268175,-0.0102409450788866,0.0101220723277634,0.0004637697212489,6.4171e+23
2451631.5,0.9297843376610052,1.144262276540401,0.00111437093099,-0.0103273655802402,0.0100167649596249,0.0004636877863568,6.4171e+23
2451632.5,0.9194142508051432,1.154226114875118,0.0015780000147247,-0.0104126122508859,0.0099108039173346,0.0004635633044584,6.4171e+23
2451633.5,0.90895950533847,1.164083671271362,0.0020414834466407,-0.0104966823361802,0.0098042034671821,0.0004633965116846,6.4171e+23
2451634.5,0.8984212791586124,1.173834313416965,0.0025047790283476,-0.0105795732614142,0.0096969778110347,0.0004631876440521,6.4171e+23
2451635.5,0.8878007526493439,1.183477423182832,0.0029678447978511,-0.0106612826271772,0.0095891410894936,0.0004629369365163,6.4171e+23
2451636.5,0.8770991084994229,1.193012396567169,0.0034306390323093,-0.0107418082111255,0.0094807073936529,0.0004626446256654,6.4171e+23
2451637.5,0.8663175315234807,1.202438643636678,0.0038931202508333,-0.0108211479708647,0.009371690768759,0.0004623109525496,6.4171e+23
2451638.5,0.855457208484069,1.211755588465342,0.0043552472178497,-0.0108993000434334,0.0092621052047675,0.0004619361631626,6.4171e+23
2451639.5,0.8445193279156863,1.220962669071906,0.0048169789466672,-0.0109762627445934,0.0091519646236703,0.0004615205087396,6.4171e+23
2451640.5,0.8335050799521418,1.230059337355813,0.005278274702544,-0.0110520345682828,0.0090412828722371,0.0004610642464926,6.4171e+23
2451641.5,0.8224156561573932,1.239045059030325,0.005739094005102,-0.0111266141796749,0.008930073721435,0.0004605676374317,6.4171e+23
2451642.5,0.8112522493588122,1.247919313552713,0.0061993966306318,-0.0112000004017643,0.0088183508704899,0.0004600309410107,6.4171e+23
2451643.5,0.8000160534822036,1.256681594053037,0.0066591426147222,-0.0112721922083696,0.0087061279520291,0.0004594544129579,6.4171e+23
2451644.5,0.7887082633890801,1.265331407262707,0.0071182922550125,-0.0113431887307157,0.0085934185324913,0.0004588383098116,6.4171e+23
2451645.5,0.7773300747170528,1.273868273441881,0.0075768061135729,-0.0114129892662631,0.0084802361084564,0.0004581828945502,6.4171e+23
2451646.5,0.7658826837231749,1.282291726304151,0.0080346450189074,-0.0114815932784843,0.0083665941033125,0.0004574884376796,6.4171e+23
2451647.5,0.7543672871292103,1.290601312938471,0.0084917700681149,-0.0115490003890565,0.0082525058616129,0.0004567552142765,6.4171e+23
2451648.5,0.742785081968626,1.298796593729769,0.0089481426293998,-0.011615210369064,0.0081379846396093,0.0004559835003085,6.4171e+23
2451649.5,0.7311372654364794,1.306877142279153,0.0094037243443669,-0.0116802231321424,0.0080230436008291,0.0004551735702199,6.4171e+23
2451650.5,0.7194250347431305,1.314842545323138,0.0098584771295844,-0.0117440387308846,0.0079076958251738,0.0004543256968254,6.4171e+23
2451651.5,0.7076495869709117,1.322692402650956,0.0103123631777906,-0.0118066573577023,0.0077919543212387,0.0004534401535645,6.4171e+23
2451652.5,0.6958121189322375,1.330426327020085,0.0107653449595418,-0.0118680793466307,0.0076758320255388,0.0004525172165661,6.4171e+23
2451653.5,0.6839138270291308,1.338043944071058,0.0112173852253727,-0.0119283051738623,0.0075593417908685,0.0004515571655763,6.4171e+23
2451654.5,0.6719559071155489,1.345544892241926,0.0116684470077786,-0.0119873354583618,0.0074424963765988,0.0004505602851061,6.4171e+23
2451655.5,0.6599395543633011,1.352928822681329,0.0121184936225393,-0.0120451709593894,0.0073253084460287,0.0004495268643984,6.4171e+23
2451656.5,0.6478659631308485,1.360195399159271,0.0125674886696945,-0.0121018125658921,0.007207790567727,0.0004484571933858,6.4171e+23
2451657.5,0.6357363268339955,1.36734429797648,0.0130153960347309,-0.0121572612834053,0.0070899552191478,0.0004473515573627,6.4171e+23
2451658.5,0.6235518378185783,1.374375207874063,0.0134621798900131,-0.0122115182320739,0.0069718147913417,0.0004462102373135,6.4171e+23
2451659.5,0.6113136872360019,1.38128782994358,0.0139078046960137,-0.0122645846562328,0.0068533815905946,0.0004450335160682,6.4171e+23
2451660.5,0.5990230649218633,1.38808187753594,0.0143522352021236,-0.0123164619305904,0.0067346678367517,0.00044382168267,6.4171e+23
2451661.5,0.5866811592768222,1.394757076168124,0.0147954364474217,-0.012367151556,0.0066156856595072,0.0004425750313125,6.4171e+23
2451662.5,0.5742891571489828,1.401313163428737,0.0152373737618393,-0.0124166551511804,0.0064964470906616,0.0004412938579379,6.4171e+23
2451663.5,0.561848243718447,1.407749888883724,0.0156780127674517,-0.0124649744461252,0.0063769640557561,0.0004399784576692,6.4171e+23
2451664.5,0.5493596023853508,1.414067013982248,0.0161173193792074,-0.0125121112766692,0.0062572483753958,0.0004386291233424,6.4171e+23
2451665.5,0.5368244146614165,1.420264311961743,0.0165552598050005,-0.0125580675805741,0.0061373117786078,0.000437246145353,6.4171e+23
2451666.5,0.5242438600635592,1.426341567751783,0.0169918005458265,-0.012602845397881,0.0060171659125657,0.0004358298134306,6.4171e+23
2451667.5,0.5116191160084858,1.432298577877838,0.0174269083965891,-0.0126464468735596,0.0058968223374735,0.0004343804188206,6.4171e+23
2451668.5,0.498951357709255,1.438135150365594,0.0178605504471242,-0.0126888742597695,0.0057762925152367,0.0004328982560775,6.4171e+23
2451669.5,0.4862417580750356,1.443851104645274,0.0182926940827397,-0.0127301299163319,0.0056555878043015,0.0004313836242621,6.4171e+23
2451670.5,0.4734914876139112,1.449446271454797,0.01872330698424,-0.0127702163050193,0.0055347194601864,0.0004298368252441,6.4171e+23
2451671.5,0.4607017143375783,1.454920492741777,0.0191523571280173,-0.0128091359769021,0.0054136986368079,0.0004282581583762,6.4171e+23
2451672.5,0.4478736036674997,1.460273621565947,0.0195798127864823,-0.0128468915624892,0.0052925363899127,0.0004266479165634,6.4171e+23
2451673.5,0.4350083183432069,1.465505522003105,0.0200056425284992,-0.012883485775329,0.0051712436831457,0.0004250063893106,6.4171e+23
2451674.5,0.422107018333249,1.470616069049607,0.0204298152194578,-0.0129189214225337,0.0050498313915018,0.0004233338692462,6.4171e+23
2451675.5,0.4091708607481533,1.475605148525713,0.0208523000211812,-0.0129532014074257,0.0049283102998517,0.0004216306543884,6.4171e+23
2451676.5,0.396200999754351,1.480472656977774,0.0212730663921852,-0.012986328723481,0.0048066910969889,0.0004198970456589,6.4171e+23
2451677.5,0.3831985864890792,1.485218501580589,0.0216920840883385,-0.0130183064481847,0.0046849843665998,0.0004181333441498,6.4171e+23
2451678.5,0.3701647689775053,1.489842600040471,0.0221093231633048,-0.0130491377390065,0.0045632005820763,0.0004163398497013,6.4171e+23
2451679.5,0.3571006920529226,1.494344880498057,0.0225247539682679,-0.0130788258281424,0.0044413501131893,0.0004145168594652,6.4171e+23
2451680.5,0.3440074972792366,1.498725281430023,0.022938347151324,-0.0131073740182158,0.0043194432400657,0.0004126646672913,6.4171e+23
2451681.5,0.330886322874363,1.502983751550251,0.0233500736573217,-0.0131347856838646,0.0041974901578495,0.0004107835656339,6.4171e+23
2451682.5,0.3177383036345908,1.507120249711531,0.0237599047282147,-0.0131610642764701,0.0040755009678182,0.0004088738484961,6.4171e+23
2451683.5,0.3045645708614146,1.511134744807748,0.0241678119032035,-0.0131862133273204,0.0039534856683893,0.000406935813687,6.4171e+23
2451684.5,0.2913662522915386,1.515027215675437,0.0245737670182415,-0.0132102364457153,0.0038314541534906,0.0004049697629038,6.4171e+23
2451685.5,0.2781444720292268,1.518797650994028,0.024977742205313,-0.0132331373096962,0.003709416213221,0.0004029759981031,6.4171e+23
2451686.5,0.2649003504801219,1.522446049185877,0.0253797098919943,-0.0132549196533489,0.0035873815337411,0.0004009548159807,6.4171e+23
2451687.5,0.2516350042869743,1.525972418317747,0.0257796428011402,-0.0132755872613549,0.0034653597015474,0.0003989065063106,6.4171e+23
2451688.5,0.2383495462681421,1.52937677600389,0.0261775139502279,-0.0132951439760776,0.0033433602117114,0.0003968313569273,6.4171e+23
2451689.5,0.2250450853586408,1.532659149309214,0.0265732966503435,-0.0133135937058444,0.0032213924718292,0.0003947296591616,6.4171e+23
2451690.5,0.211722726552578,1.535819574651645,0.0269669645053362,-0.0133309404235337,0.0030994657985687,0.0003926017078928,6.4171e+23
2451691.5,0.1983835708463834,1.53885809770467,0.0273584914114729,-0.0133471881602175,0.0029775894094543,0.0003904477987415,6.4171e+23
2451692.5,0.1850287151836529,1.541774773301281,0.0277478515572025,-0.0133623410012928,0.002855772415185,0.0003882682265412,6.4171e+23
2451693.5,0.171659252402771,1.544569665338964,0.028135019422378,-0.0133764030828511,0.0027340238197701,0.0003860632843351,6.4171e+23
2451694.5,0.1582762711871949,1.547242846684557,0.0285199697768914,-0.0133893785848398,0.0026123525316066,0.0003838332612244,6.4171e+23
2451695.5,0.1448808560169726,1.549794399079011,0.0289026776794443,-0.0134012717272097,0.0024907673759411,0.0003815784417208,6.4171e+23
2451696.5,0.1314740871206068,1.552224413043225,0.0292831184769583,-0.0134120867743431,0.0023692770951054,0.0003792991087033,6.4171e+23
2451697.5,0.1180570404280872,1.554532987785534,0.029661267804224,-0.0134218280420493,0.0022478903396909,0.0003769955473209,6.4171e+23
2451698.5,0.104630787526293,1.556720231109803,0.0300371015830997,-0.0134304999001122,0.0021266156634942,0.0003746680468486,6.4171e+23
2451699.5,0.0911963956164508,1.558786259322771,0.0304105960213169,-0.0134381067674494,0.0020054615241984,0.0003723168990131,6.4171e+23
2451700.5,0.0777549274725618,1.560731197141013,0.0307817276114726,-0.0134446531014612,0.0018844362826071,0.00036994239318,6.4171e+23
2451701.5,0.064307441400648,1.562555177598949,0.0311504731303576,-0.0134501433883586,0.0017635482021579,0.000367544811984,6.4171e+23
2451702.5,0.0508549911998518,1.564258341958813,0.0315168096381227,-0.0134545821429299,0.0016428054558696,0.0003651244321753,6.4171e+23
2451703.5,0.0373986261258362,1.56584083962166,0.0318807144769786,-0.0134579739173142,0.0015222161363835,0.0003626815303029,6.4171e+23
2451704.5,0.02393939085551,1.567302828037987,0.03224216526984,-0.0134603233063522,0.0014017882579438,0.0003602163862673,6.4171e+23
2451705.5,0.0104783254520334,1.568644472618037,0.0326011399194636,-0.0134616349443436,0.0012815297493578,0.0003577292819577,6.4171e+23
2451706.5,-0.0029835346695689,1.569865946643156,0.0329576166079763,-0.0134619135007518,0.0011614484445585,0.0003552204991823,6.4171e+23
2451707.5,-0.0164451587748859,1.570967431178604,0.0333115737961277,-0.0134611636783302,0.0010415520780074,0.0003526903191106,6.4171e+23
2451708.5,-0.029905520840083,1.571949114986722,0.0336629902218766,-0.0134593902082711,0.0009218482894258,0.0003501390206681,6.4171e+23
2451709.5,-0.0433635995802787,1.572811194439784,0.034011844898737,-0.0134565978420532,0.0008023446358263,0.0003475668775291,6.4171e+23
2451710.5,-0.0568183784775946,1.573553873433498,0.0343581171145798,-0.0134527913499903,0.0006830486000672,0.0003449741583114,6.4171e+23
2451711.5,-0.0702688458088463,1.574177363302327,0.0347017864309302,-0.013447975529202,0.0005639675876485,0.0003423611310488,6.4171e+23
2451712.5,-0.0837139946716981,1.574681882736189,0.0350428326821194,-0.0134421552111959,0.0004451089194231,0.0003397280673315,6.4171e+23
2451713.5,-0.0971528230088017,1.575067657697047,0.0353812359739379,-0.01343533526147,0.0003264798297936,0.0003370752426374,6.4171e+23
2451714.5,-0.1105843336308666,1.575334921334834,0.0357169766822447,-0.013427520571672,0.0002080874667088,0.0003344029328625,6.4171e+23
2451715.5,-0.1240075342394078,1.575483913903835,0.0360500354519652,-0.01341871604947,8.993888889124931e-05,0.0003317114094506,6.4171e+23
2451716.5,-0.1374214374484654,1.575514882680897,0.0363803931961838,-0.0134089266127712,-2.795893309971637e-05,0.0003290009369228,6.4171e+23
2451717.5,-0.15082506080427,1.575428081885345,0.0367080310947723,-0.0133981571928824,-0.0001455991062665,0.0003262717755245,6.4171e+23
2451718.5,-0.1642174268032761,1.57522377259926,0.0370329305926791,-0.0133864127424423,-0.0002629748051419,0.0003235241863388,6.4171e+23
2451719.5,-0.1775975629099624,1.574902222687421,0.0373550733985577,-0.0133736982378987,-0.0003800792738219,0.0003207584329651,6.4171e+23
2451720.5,-0.1909645015747845,1.574463706717831,0.0376744414839843,-0.0133600186764188,-0.0004969058360072,0.0003179747798751,6.4171e+23
2451721.5,-0.2043172802511811,1.573908505883825,0.0379910170827362,-0.0133453790740729,-0.0006134479030871,0.0003151734915107,6.4171e+23
2451722.5,-0.2176549414105093,1.573236907927189,0.0383047826895031,-0.0133297844640328,-0.0007296989743504,0.0003123548318165,6.4171e+23
2451723.5,-0.2309765325552111,1.572449207061108,0.0386157210581066,-0.0133132398893086,-0.00084565262936,0.0003095190613397,6.4171e+23
2451724.5,-0.2442811062314818,1.571545703893205,0.0389238151998813,-0.0132957503948346,-0.0009613025173789,0.0003066664340661,6.4171e+23
2451725.5,-0.2575677200420177,1.57052670535016,0.0392290483826047,-0.013277321030275,-0.0010766423526031,0.0003037971994523,6.4171e+23
2451726.5,-0.2708354366580958,1.569392524604362,0.0395314041295931,-0.0132579568608762,-0.001191665918414,0.0003009116082054,6.4171e+23
2451727.5,-0.2840833238300777,1.568143481001235,0.039830866218414,-0.0132376629732988,-0.0013063670719828,0.0002980099155107,6.4171e+23
2451728.5,-0.2973104543967252,1.566779899985985,0.0401274186793283,-0.013216444471495,-0.0014207397450004,0.0002950923792956,6.4171e+23
2451729.5,-0.31051590629438,1.565302113030205,0.040421045794025,-0.0131943064676061,-0.0015347779458866,0.0002921592557735,6.4171e+23
2451730.5,-0.3236987625659324,1.563710457559864,0.0407117320946869,-0.0131712540743365,-0.0016484757632448,0.0002892107956422,6.4171e+23
2451731.5,-0.336858111368378,1.562005276885255,0.0409994623627885,-0.0131472924027708,-0.0017618273611253,0.0002862472435055,6.4171e+23
2451732.5,-0.3499930459785565,1.560186920131964,0.0412842216273424,-0.0131224265668138,-0.0018748269654615,0.0002832688412135,6.4171e+23
2451733.5,-0.363102664798304,1.558255742171788,0.0415659951631644,-0.0130966616892529,-0.0019874688568404,0.000280275831725,6.4171e+23
2451734.5,-0.3761860713601807,1.556212103553853,0.0418447684897672,-0.0130700029029002,-0.0020997473773793,0.0002772684596662,6.4171e+23
2451735.5,-0.3892423743332282,1.554056370437048,0.0421205273706637,-0.0130424553491693,-0.0022116569417743,0.0002742469703202,6.4171e+23
2451736.5,-0.4022706875273458,1.551788914523929,0.042393257812341,-0.0130140241776886,-0.0023231920418833,0.0002712116095008,6.4171e+23
2451737.5,-0.4152701298958854,1.549410112994863,0.0426629460626196,-0.0129847145425578,-0.0024343472431617,0.0002681626221222,6.4171e+23
2451738.5,-0.428239825537489,1.54692034844188,0.0429295786088807,-0.0129545315929792,-0.002545117176669,0.0002651002480522,6.4171e+23
2451739.5,-0.4411789036981262,1.544320008803387,0.0431931421767231,-0.0129234804679296,-0.0026554965311145,0.0002620247199926,6.4171e+23
2451740.5,-0.4540864987730731,1.541609487301064,0.0434536237289796,-0.0128915663038155,-0.0027654800504154,0.0002589362677908,6.4171e+23
2451741.5,-0.4669617503078915,1.538789182378288,0.0437110104645657,-0.0128587942460695,-0.0028750625371409,0.0002558351245504,6.4171e+23
2451742.5,-0.4798038029982382,1.535859497638403,0.0439652898169628,-0.0128251694512244,-0.0029842388552823,0.0002527215278744,6.4171e+23
2451743.5,-0.4926118066894327,1.532820841782364,0.0442164494527861,-0.0127906970797563,-0.0030930039321921,0.0002495957163231,6.4171e+23
2451744.5,-0.5053849163763107,1.529673628547088,0.0444644772707808,-0.0127553822879066,-0.0032013527630295,0.0002464579251552,6.4171e+23
2451745.5,-0.5181222922024801,1.526418276645638,0.0447093614008502,-0.0127192302232429,-0.0033092804125519,0.0002433083841284,6.4171e+23
2451746.5,-0.5308230994579157,1.52305520970886,0.0449510902025277,-0.012682246024454,-0.0034167820057821,0.0002401473180981,6.4171e+23
2451747.5,-0.5434865085754003,1.519584856227316,0.0451896522630842,-0.0126444348253285,-0.0035238527138781,0.0002369749500625,6.4171e+23
2451748.5,-0.5561116951273776,1.516007649493229,0.0454250363960623,-0.012605801759395,-0.003630487752041,0.0002337915039114,6.4171e+23
2451749.5,-0.5686978398235684,1.512324027543346,0.0456572316404735,-0.0125663519614473,-0.0037366823902789,0.0002305972048551,6.4171e+23
2451750.5,-0.5812441285080551,1.508534433103353,0.0458862272600215,-0.0125260905678304,-0.0038424319627847,0.000227392279279,6.4171e+23
2451751.5,-0.5937497521547539,1.504639313533088,0.0461120127417402,-0.0124850227154088,-0.0039477318682424,0.000224176954416,6.4171e+23
2451752.5,-0.6062139068617793,1.500639120771446,0.046334577794233,-0.0124431535347984,-0.004052577564491,0.0002209514553414,6.4171e+23
2451753.5,-0.6186357938458739,1.496534311281414,0.0465539123461503,-0.0124004881406329,-0.0041569645620231,0.0002177160004423,6.4171e+23
2451754.5,-0.6310146194371119,1.492325345996882,0.0467700065450951,-0.0123570316307366,-0.0042608884180267,0.0002144708014477,6.4171e+23
2451755.5,-0.643349595073066,1.488012690271685,0.0469828507565612,-0.0123127890975625,-0.0043643447342249,0.0002112160696466,6.4171e+23
2451756.5,-0.6556399372919445,1.483596813829405,0.0471924355625492,-0.0122677656378227,-0.004467329158953,0.0002079520209815,6.4171e+23
2451757.5,-0.6678848677253135,1.479078190712616,0.0473987517600874,-0.0122219663501719,-0.004569837389885,0.0002046788748898,6.4171e+23
2451758.5,-0.6800836130913094,1.474457299232241,0.0476017903601465,-0.0121753963270639,-0.004671865178183,0.0002013968499749,6.4171e+23
2451759.5,-0.6922354051880696,1.469734621918531,0.0478015425868716,-0.012128060649248,-0.0047734083333233,0.0001981061609474,6.4171e+23
2451760.5,-0.7043394808861969,1.464910645473974,0.0479979998764983,-0.012079964383898,-0.0048744627208018,0.0001948070178154,6.4171e+23
2451761.5,-0.7163950821199826,1.459985860727048,0.0481911538757056,-0.0120311125847707,-0.0049750242488793,0.0001914996267076,6.4171e+23
2451762.5,-0.7284014558787275,1.454960762586059,0.0483809964400356,-0.0119815102956877,-0.0050750888568414,0.0001881841923408,6.4171e+23
2451763.5,-0.7403578541994932,1.449835849993687,0.0485675196330488,-0.0119311625557026,-0.0051746525186647,0.0001848609204286,6.4171e+23
2451764.5,-0.7522635341606855,1.444611625882923,0.0487507157259371,-0.0118800744023657,-0.0052737112553004,0.000181530018668,6.4171e+23
2451765.5,-0.7641177578749838,1.43928859713408,0.048930577196803,-0.0118282508729084,-0.0053722611404556,0.0001781916969687,6.4171e+23
2451766.5,-0.7759197924813775,1.433867274531549,0.0491070967293856,-0.0117756970011349,-0.0054702982979586,0.000174846165931,6.4171e+23
2451767.5,-0.7876689101373598,1.428348172719826,0.0492802672117653,-0.0117224178086104,-0.0055678188974366,0.0001714936324687,6.4171e+23
2451768.5,-0.7993643880118974,1.42273181016002,0.0494500817354833,-0.0116684182972622,-0.0056648191502071,0.0001681342961588,6.4171e+23
2451769.5,-0.8110055082784607,1.417018709088102,0.0496165335948177,-0.0116137034538514,-0.0057612953042028,0.0001647683518684,6.4171e+23
2451770.5,-0.8225915581072281,1.411209395474241,0.0497796162857718,-0.0115582782628223,-0.0058572436415927,0.0001613959966818,6.4171e+23
2451771.5,-0.8341218296566095,1.405304398981516,0.0499393235047902,-0.0115021477117561,-0.0059526604812322,0.0001580174327781,6.4171e+23
2451772.5,-0.8455956200649745,1.399304252923672,0.050095649147674,-0.0114453167854875,-0.006047542183799,0.0001546328642678,6.4171e+23
2451773.5,-0.8570122314427634,1.393209494223408,0.050248587308893,-0.0113877904588407,-0.0061418851581966,0.0001512424932165,6.4171e+23
2451774.5,-0.8683709708639384,1.3870206633723,0.0503981322808232,-0.0113295736935808,-0.0062356858647519,0.0001478465180197,6.4171e+23
2451775.5,-0.8796711503558176,1.380738304391775,0.0505442785523627,-0.0112706714367047,-0.0063289408083678,0.0001444451330341,6.4171e+23
2451776.5,-0.8909120868879284,1.374362964794125,0.0506870208071714,-0.0112110886192399,-0.0064216465241024,0.0001410385288892,6.4171e+23
2451777.5,-0.9020931023614628,1.367895195543813,0.0508263539223455,-0.0111508301595427,-0.0065137995702938,0.0001376268946993,6.4171e+23
2451778.5,-0.9132135235997448,1.361335551020131,0.0509622729677846,-0.0110899009694395,-0.006605396536906,0.00013421042086,6.4171e+23
2451779.5,-0.924272682338482,1.354684588981386,0.0510947732055857,-0.0110283059580589,-0.0066964340560994,0.0001307893004933,6.4171e+23
2451780.5,-0.9352699152148164,1.347942870529605,0.051223850088875,-0.0109660500311179,-0.006786908803552,0.0001273637290244,6.4171e+23
2451781.5,-0.946204563755863,1.34111096007477,0.0513494992603504,-0.010903138084384,-0.0068768174944966,0.0001239339010082,6.4171e+23
2451782.5,-0.9570759743678798,1.334189425299198,0.0514717165511482,-0.0108395749942576,-0.0069661568810071,0.0001205000053551,6.4171e+23
2451783.5,-0.9678834983259668,1.327178837123613,0.0515904979800607,-0.01077536561438,-0.0070549237481443,0.0001170622237277,6.4171e+23
2451784.5,-0.9786264917633354,1.32007976967526,0.0517058397526197,-0.0107105147843755,-0.0071431149071626,0.0001136207354321,6.4171e+23
2451785.5,-0.9893043156599852,1.312892800256587,0.0518177382598655,-0.0106450273415804,-0.0072307271923908,0.0001101757236919,6.4171e+23
2451786.5,-0.9999163358317192,1.305618509313176,0.0519261900772045,-0.0105789081222769,-0.0073177574652078,0.0001067273760486,6.4171e+23
2451787.5,-1.010461922920188,1.298257480401591,0.052031191963749,-0.0105121619550248,-0.0074042026215746,0.0001032758804118,6.4171e+23
2451788.5,-1.020940452383334,1.290810300158565,0.0521327408618988,-0.0104447936563847,-0.0074900595982816,9.98214224045554e-05,6.4171e+23
2451789.5,-1.031351304485004,1.283277558271578,0.0522308338965163,-0.0103768080298598,-0.0075753253722609,9.636418478003334e-05,6.4171e+23
2451790.5,-1.041693864283513,1.275659847449603,0.0523254683735177,-0.010308209863308,-0.0076599969501079,9.290434661777744e-05,6.4171e+23
2451791.5,-1.051967521620444,1.267957763393639,0.0524166417785151,-0.0102390039274797,-0.0077440713554732,8.944208324430792e-05,6.4171e+23
2451792.5,-1.062171671110769,1.260171904767988,0.0525043517761334,-0.0101691949814072,-0.0078275456280185,8.597756906040418e-05,6.4171e+23
2451793.5,-1.072305712133705,1.252302873173063,0.0525885962097455,-0.0100987877805012,-0.0079104168339803,8.251098107760684e-05,6.4171e+23
2451794.5,-1.082369048822942,1.244351273118998,0.0526693731008572,-0.0100277870797149,-0.0079926820735606,7.90425001038463e-05,6.4171e+23
2451795.5,-1.092361090056042,1.236317711998713,0.0527466806479913,-0.0099561976297955,-0.0080743384794752,7.55723087985882e-05,6.4171e+23
2451796.5,-1.102281249444214,1.228202800060433,0.0528205172256465,-0.0098840241685867,-0.0081553832145008,7.2100587218572e-05,6.4171e+23
2451797.5,-1.112128945322923,1.220007150380964,0.0528908813836849,-0.0098112714135086,-0.0082358134706794,6.862750886323019e-05,6.4171e+23
2451798.5,-1.121903600742516,1.211731378840869,0.0529577718467566,-0.0097379440627383,-0.0083156264642901,6.51532414995627e-05,6.4171e+23
2451799.5,-1.131604643458091,1.203376104100871,0.0530211875133476,-0.0096640468058312,-0.0083948194273888,6.167795312707844e-05,6.4171e+23
2451800.5,-1.141231505919311,1.194941947577872,0.0530811274546921,-0.0095895843321518,-0.008473389606239,5.820181641640978e-05,6.4171e+23
2451801.5,-1.150783625261232,1.186429533420285,0.053137590914104,-0.0095145613286952,-0.0085513342687001,5.472500708027779e-05,6.4171e+23
2451802.5,-1.160260443296097,1.17783948848397,0.0531905773067631,-0.0094389824744726,-0.0086286507133362,5.124770032104036e-05,6.4171e+23
2451803.5,-1.169661406504848,1.169172442309622,0.0532400862193621,-0.0093628524387186,-0.008705336273268,4.777006956484768e-05,6.4171e+23
2451804.5,-1.178985966027552,1.160429027100731,0.0532861174091397,-0.0092861758794109,-0.008781388311134,4.429228588889209e-05,6.4171e+23
2451805.5,-1.188233577653444,1.151609877701132,0.0533286708026007,-0.0092089574388167,-0.0088568042073512,4.081451630561186e-05,6.4171e+23
2451806.5,-1.197403701811934,1.142715631572687,0.0533677464946574,-0.0091312017431422,-0.0089315813513504,3.733692402427256e-05,6.4171e+23
2451807.5,-1.206495803564838,1.133746928774356,0.0534033447483972,-0.0090529134109833,-0.0090057171450498,3.385967257716568e-05,6.4171e+23
2451808.5,-1.21550935259866,1.124704411942534,0.0534354659948644,-0.0089740970620445,-0.0090792090128127,3.038292967929383e-05,6.4171e+23
2451809.5,-1.224443823216087,1.115588726271288,0.0534641108323287,-0.0088947573175718,-0.009152054405052,2.690686713073639e-05,6.4171e+23
2451810.5,-1.233298694327393,1.106400519491661,0.0534892800253491,-0.0088148987932916,-0.0092242507963123,2.343165714589583e-05,6.4171e+23
2451811.5,-1.242073449442734,1.097140441850956,0.0535109745042004,-0.0087345260906249,-0.0092957956852167,1.995746766643544e-05,6.4171e+23
2451812.5,-1.250767576664995,1.087809146093452,0.0535291953645639,-0.0086536437926847,-0.0093666865937256,1.648446020130073e-05,6.4171e+23
2451813.5,-1.259380568682067,1.07840728744272,0.0535439438669171,-0.008572256468999,-0.0094369210592041,1.301279265729119e-05,6.4171e+23
2451814.5,-1.267911922758595,1.068935523584217,0.0535552214355525,-0.0084903686855884,-0.0095064966254307,9.542625042067669e-06,6.4171e+23
2451815.5,-1.276361140728456,1.059394514647126,0.0535630296578224,-0.0084079850097554,-0.0095754108446985,6.07412174033208e-06,6.4171e+23
2451816.5,-1.284727728988602,1.049784923186068,0.0535673702839755,-0.0083251100066616,-0.0096436612885432,2.607448972534036e-06,6.4171e+23
2451817.5,-1.293011198493346,1.04010741416395,0.0535682452271712,-0.0082417482359846,-0.0097112455561023,-8.572275861273536e-07,6.4171e+23
2451818.5,-1.301211064747816,1.03036265493579,0.0535656565630059,-0.0081579042511568,-0.0097781612738731,-4.319743330913423e-06,6.4171e+23
2451819.5,-1.309326847800625,1.02055131523228,0.0535596065284949,-0.0080735825958291,-0.0098444060876036,-7.779936211480556e-06,6.4171e+23
2451820.5,-1.317358072237,1.010674067142896,0.053550097521141,-0.00798878779853,-0.0099099776519193,-1.12376490001341e-05,6.4171e+23
2451821.5,-1.325304267173187,1.000731585099853,0.0535371320985993,-0.0079035243754524,-0.0099748736258567,-1.469272766745191e-05,6.4171e+23
2451822.5,-1.333164966251562,0.990724545863657,0.0535207129786743,-0.0078177968418374,-0.0100390916785634,-1.814501590176007e-05,6.4171e+23
2451823.5,-1.340939707635307,0.9806536285091704,0.0535008430390029,-0.0077316097191843,-0.0101026294968472,-2.159435194847576e-05,6.4171e+23
2451824.5,-1.348628034002689,0.970519514410769,0.0534775253163415,-0.0076449675316752,-0.0101654847865499,-2.504057070978307e-05,6.4171e+23
2451825.5,-1.35622949254198,0.960322887226744,0.0534507630060107,-0.0075578747971917,-0.0102276552722107,-2.848350854701777e-05,6.4171e+23
2451826.5,-1.363743634947322,0.9500644328844432,0.0534205594617443,-0.0074703360206427,-0.0102891386987403,-3.192300699846404e-05,6.4171e+23
2451827.5,-1.371170017414525,0.9397448395670136,0.0533869181954614,-0.0073823556936196,-0.010349932828468,-3.535891291611371e-05,6.4171e+23
2451828.5,-1.37850820063606,0.9293647977009636,0.0533498428765403,-0.0072939383006141,-0.0104100354301651,-3.879107467495462e-05,6.4171e+23
2451829.5,-1.385757749796173,0.9189249999432508,0.0533093373309931,-0.0072050883270239,-0.0104694442720226,-4.221933767989649e-05,6.4171e+23
2451830.5,-1.392918234567405,0.9084261411678064,0.0532654055411988,-0.0071158102614312,-0.0105281571287311,-4.564354374229016e-05,6.4171e+23
2451831.5,-1.399989229108252,0.8978689184526093,0.0532180516461272,-0.0070261085928601,-0.0105861717938698,-4.906353342099185e-05,6.4171e+23
2451832.5,-1.406970312060531,0.8872540310678524,0.0531672799413372,-0.0069359878093085,-0.0106434860850689,-5.247914726588237e-05,6.4171e+23
2451833.5,-1.413861066545767,0.8765821804642442,0.0531130948783381,-0.0068454523959708,-0.0107000978396886,-5.589022663683892e-05,6.4171e+23
2451834.5,-1.420661080161478,0.8658540702605646,0.0530555010637133,-0.0067545068292551,-0.0107560049060727,-5.929661642151688e-05,6.4171e+23
2451835.5,-1.427369944978498,0.8550704062312721,0.0529945032586578,-0.0066631555726365,-0.0108112051361136,-6.269816684266387e-05,6.4171e+23
2451836.5,-1.433987257539325,0.844231896295558,0.0529301063790005,-0.0065714030837511,-0.0108656963839004,-6.609472977319182e-05,6.4171e+23
2451837.5,-1.440512618856491,0.8333392505076272,0.0528623154951823,-0.0064792538269997,-0.0109194765113545,-6.948615264295386e-05,6.4171e+23
2451838.5,-1.446945634410436,0.8223931810465275,0.0527911358318235,-0.0063867122769644,-0.0109725433933834,-7.287227713488339e-05,6.4171e+23
2451839.5,-1.453285914147609,0.8113944022047771,0.0527165727672043,-0.0062937829110451,-0.0110248949191852,-7.625294325586524e-05,6.4171e+23
2451840.5,-1.459533072479558,0.8003436303769381,0.0526386318331304,-0.0062004702007757,-0.0110765289941635,-7.962799411367062e-05,6.4171e+23
2451841.5,-1.465686728282456,0.7892415840495407,0.0525573187149796,-0.0061067786083924,-0.0111274435412056,-8.299727790684603e-05,6.4171e+23
2451842.5,-1.471746504895905,0.7780889837922677,0.0524726392513336,-0.0060127125887991,-0.0111776364938232,-8.636064658993733e-05,6.4171e+23
2451843.5,-1.4777120301212,0.7668865522491787,0.0523845994331929,-0.0059182765952731,-0.0112271057836764,-8.971795223206588e-05,6.4171e+23
2451844.5,-1.483582936220472,0.7556350141293776,0.0522932054034956,-0.0058234750853766,-0.0112758493379327,-9.306904388019466e-05,6.4171e+23
2451845.5,-1.489358859917445,0.7443350961978829,0.0521984634573397,-0.0057283125225357,-0.0113238650906958,-9.641376761321888e-05,6.4171e+23
2451846.5,-1.495039442398701,0.7329875272675992,0.0521003800423717,-0.0056327933748211,-0.0113711509941043,-9.975196806938677e-05,6.4171e+23
2451847.5,-1.500624329314183,0.7215930381920205,0.0519989617586464,-0.0055369221138545,-0.0114177050187233,-0.0001030834892603,6.4171e+23
2451848.5,-1.506113170777236,0.7101523618575042,0.0518942153580129,-0.0054407032107262,-0.0114635251466107,-0.0001064081765005,6.4171e+23
2451849.5,-1.511505621365519,0.698666233175122,0.0517861477436922,-0.0053441411291007,-0.0115086093639917,-0.0001097258797828,6.4171e+23
2451850.5,-1.51680134012338,0.687135389073488,0.0516747659704014,-0.0052472403248343,-0.0115529556565091,-0.0001130364539167,6.4171e+23
2451851.5,-1.521999990565004,0.675560568493274,0.0515600772446942,-0.0051500052574679,-0.0115965620089349,-0.0001163397527948,6.4171e+23
2451852.5,-1.527101240677631,0.6639425123820922,0.0514420889250393,-0.0050524404018905,-0.0116394264096873,-0.0001196356239472,6.4171e+23
2451853.5,-1.532104762925143,0.6522819636880648,0.0513208085216864,-0.0049545502472963,-0.0116815468552629,-0.0001229239097364,6.4171e+23
2451854.5,-1.53701023425292,0.6405796673522788,0.051196243696797,-0.0048563392882733,-0.0117229213534711,-0.0001262044525371,6.4171e+23
2451855.5,-1.541817336093908,0.6288363703016244,0.0510684022649325,-0.0047578120188372,-0.0117635479270091,-0.0001294770983506,6.4171e+23
2451856.5,-1.546525754374694,0.6170528214425873,0.0509372921933466,-0.0046589729321809,-0.0118034246125159,-0.0001327416970941,6.4171e+23
2451857.5,-1.551135179520846,0.6052297716550028,0.0508029216016885,-0.0045598265231425,-0.0118425494504753,-0.0001359981008437,6.4171e+23
2451858.5,-1.555645306462415,0.5933679737847727,0.0506652987615727,-0.0044603772925232,-0.011880920474687,-0.0001392461610076,6.4171e+23
2451859.5,-1.560055834640861,0.5814681826358936,0.0505244320967335,-0.0043606297520979,-0.0119185357159853,-0.0001424857260454,6.4171e+23
2451860.5,-1.564366468017031,0.5695311549628486,0.0503803301836703,-0.0042605884265697,-0.0119553932164261,-0.0001457166414246,6.4171e+23
2451861.5,-1.568576915078578,0.5575576494635484,0.0502330017519837,-0.0041602578528402,-0.0119914910370903,-0.000148938750592,6.4171e+23
2451862.5,-1.572686888846231,0.54554842677188,0.0500824556840366,-0.0040596425768916,-0.0120268272546152,-0.0001521518964577,6.4171e+23
2451863.5,-1.576696106879945,0.5335042494492985,0.0499287010144348,-0.0039587471468365,-0.0120613999544939,-0.0001553559246539,6.4171e+23
2451864.5,-1.580604291285983,0.5214258819764959,0.0497717469299244,-0.003857576106701,-0.0120952072264419,-0.0001585506865278,6.4171e+23
2451865.5,-1.584411168724642,0.5093140907465841,0.0496116027696205,-0.0037561340002787,-0.0121282471609239,-0.0001617360369639,6.4171e+23
2451866.5,-1.588116470417764,0.4971696440595511,0.0494482780250816,-0.0036544253843357,-0.0121605178482965,-0.0001649118275649,6.4171e+23
2451867.5,-1.591719932156001,0.4849933121162291,0.0492817823400866,-0.0035524548360813,-0.0121920173825154,-0.0001680779032045,6.4171e+23
2451868.5,-1.595221294306755,0.4727858670109903,0.049112125510512,-0.0034502269474615,-0.012222743866323,-0.0001712341055588,6.4171e+23
2451869.5,-1.598620301823278,0.4605480827243952,0.0489393174846272,-0.0033477463164475,-0.0122526954159336,-0.0001743802781411,6.4171e+23
2451870.5,-1.601916704254181,0.4482807351171056,0.0487633683634836,-0.0032450175441778,-0.0122818701632427,-0.0001775162681198,6.4171e+23
2451871.5,-1.605110255752303,0.4359846019246706,0.0485842884008247,-0.0031420452360236,-0.0123102662503561,-0.0001806419256054,6.4171e+23
2451872.5,-1.608200715083219,0.4236604627519246,0.048402088002577,-0.0030388340029962,-0.0123378818171385,-0.0001837571022964,6.4171e+23
2451873.5,-1.611187845634855,0.4113090990667844,0.0482167777266726,-0.0029353884656164,-0.0123647149944449,-0.0001868616492033,6.4171e+23
2451874.5,-1.61407141542889,0.398931294194358,0.0480283682836025,-0.0028317132599543,-0.0123907639128764,-0.000189955414287,6.4171e+23
2451875.5,-1.616851197132787,0.3865278333118695,0.0478368705371369,-0.0027278130407582,-0.0124160267161316,-0.0001930382419517,6.4171e+23
2451876.5,-1.61952696807117,0.3740995034436133,0.0476422955044818,-0.002623692480166,-0.0124405015638882,-0.0001961099741617,6.4171e+23
2451877.5,-1.622098510236854,0.3616470934548904,0.0474446543559879,-0.0025193562622176,-0.0124641866262789,-0.0001991704531752,6.4171e+23
2451878.5,-1.624565610302823,0.3491713940452093,0.0472439584150896,-0.002414809075259,-0.0124870800793584,-0.0002022195253954,6.4171e+23
2451879.5,-1.626928059635387,0.3366731977422172,0.0470402191586931,-0.0023100556092487,-0.0125091801024843,-0.0002052570427526,6.4171e+23
2451880.5,-1.629185654307583,0.3241532988970338,0.0468334482175745,-0.0022051005641166,-0.0125304848743885,-0.0002082828582509,6.4171e+23
2451881.5,-1.631338195112326,0.3116124936797532,0.0466236573764474,-0.002099948662556,-0.0125509925718211,-0.000211296819441,6.4171e+23
2451882.5,-1.633385487576002,0.2990515800735671,0.0464108585739703,-0.0019946046526601,-0.0125707013745655,-0.0002142987676527,6.4171e+23
2451883.5,-1.635327341973323,0.286471357867822,0.0461950639031296,-0.0018890732999814,-0.0125896094729322,-0.0002172885428685,6.4171e+23
2451884.5,-1.637163573343088,0.2738726286516043,0.0459762856119181,-0.0017833593813027,-0.0126077150730122,-0.0002202659875072,6.4171e+23
2451885.5,-1.638894001503665,0.2612561958083284,0.0457545361037264,-0.0016774676843669,-0.0126250163959403,-0.0002232309467028,6.4171e+23
2451886.5,-1.640518451067759,0.2486228645102082,0.0455298279371494,-0.0015714030082747,-0.0126415116688381,-0.0002261832676919,6.4171e+23
2451887.5,-1.642036751457526,0.2359734417118141,0.0453021738257193,-0.0014651701635677,-0.0126571991134103,-0.0002291227991863,6.4171e+23
2451888.5,-1.643448736921306,0.2233087361434257,0.0450715866382638,-0.0013587739770266,-0.0126720769447999,-0.0002320493889666,6.4171e+23
2451889.5,-1.644754246551682,0.2106295583051217,0.044838079399792,-0.0012522192992559,-0.012686143383547,-0.0002349628809625,6.4171e+23
2451890.5,-1.645953124303404,0.1979367204612281,0.0446016652921213,-0.0011455110073393,-0.012699396665824,-0.0002378631148003,6.4171e+23
2451891.5,-1.647045219010628,0.1852310366338926,0.044362357653892,-0.0010386540009149,-0.0127118350422751,-0.0002407499280233,6.4171e+23
2451892.5,-1.648030384404536,0.1725133225954205,0.0441201699804998,-0.0009316531943605,-0.0127234567730582,-0.0002436231600363,6.4171e+23
2451893.5,-1.64890847913221,0.1597843958605315,0.0438751159244645,-0.0008245135104684,-0.0127342601259075,-0.0002464826554268,6.4171e+23
2451894.5,-1.649679366776148,0.1470450756798016,0.0436272092960117,-0.0007172398820306,-0.0127442433734992,-0.0002493282630945,6.4171e+23
2451895.5,-1.650342915873501,0.1342961830339197,0.0433764640633528,-0.0006098372625898,-0.0127534047878036,-0.0002521598304514,6.4171e+23
2451896.5,-1.650898999935327,0.1215385406271301,0.0431228943527242,-0.0005023106363241,-0.0127617426394059,-0.0002549771984895,6.4171e+23
2451897.5,-1.651347497466963,0.1087729728791532,0.0428665144487042,-0.0003946650163392,-0.0127692552053812,-0.0002577802034719,6.4171e+23
2451898.5,-1.651688291989705,0.0960003059167628,0.0426073387949786,-0.0002869054369054,-0.0127759407784152,-0.0002605686818055,6.4171e+23
2451899.5,-1.651921272062723,0.0832213675662179,0.0423453819950767,-0.000179036950289,-0.0127817976702216,-0.0002633424721003,6.4171e+23
2451900.5,-1.652046331304253,0.0704369873460205,0.0420806588125435,-7.10646271994678e-05,-0.0127868242067188,-0.0002661014147994,6.4171e+23
2451901.5,-1.652063368412506,0.0576479964587809,0.0418131841707149,3.700644468538203e-05,-0.0127910187173384,-0.000268845352412,6.4171e+23
2451902.5,-1.651972287187703,0.044855227782303,0.0415429731528226,0.0001451711606763,-0.0127943795270454,-0.0002715741291126,6.4171e+23
2451903.5,-1.651772996555726,0.0320595158611044,0.0412700410027676,0.0002534243917422,-0.0127969049602417,-0.0002742875873668,6.4171e+23
2451904.5,-1.651465410592369,0.0192616968986361,0.040994403126041,0.0003617609759897,-0.0127985933530265,-0.0002769855645808,6.4171e+23
2451905.5,-1.651049448547041,0.0064626087490009,0.0407160750901173,0.0004701757183434,-0.012799443059231,-0.0002796678936223,6.4171e+23
2451906.5,-1.650525034866307,-0.0063369090928189,0.0404350726244669,0.000578663397726,-0.0127994524474143,-0.0002823344065848,6.4171e+23
2451907.5,-1.649892099218437,-0.0191360155016157,0.0401514116208349,0.0006872187753509,-0.0127986198982115,-0.0002849849390955,6.4171e+23
2451908.5,-1.649150576519008,-0.0319338677319924,0.0398651081339027,0.0007958365978539,-0.0127969438038188,-0.0002876193320418,6.4171e+23
2451909.5,-1.648300406956482,-0.0447296214273455,0.0395761783818041,0.0009045115919935,-0.0127944225633487,-0.0002902374286327,6.4171e+23
2451910.5,-1.647341536017414,-0.0575224306289939,0.0392846387462393,0.0010132384539475,-0.0127910545759723,-0.0002928390685692,6.4171e+23
2451911.5,-1.646273914512343,-0.0703114477867584,0.0389905057726552,0.0011220118433178,-0.0127868382431537,-0.000295424085359,6.4171e+23
2451912.5,-1.645097498603221,-0.0830958237706607,0.038693796170946,0.0012308263872558,-0.0127817719799172,-0.0002979923094903,6.4171e+23
2451913.5,-1.643812249831696,-0.0958747078823501,0.0383945268164094,0.001339676686266,-0.0127758542236463,-0.0003005435722399,6.4171e+23
2451914.5,-1.642418135146923,-0.1086472478659699,0.0380927147502943,0.0014485573152632,-0.0127690834337476,-0.0003030777063711,6.4171e+23
2451915.5,-1.64091512693269,-0.1214125899196196,0.0377883771797584,0.0015574628243984,-0.012761458083565,-0.0003055945461948,6.4171e+23
2451916.5,-1.63930320303502,-0.1341698787080458,0.037481531477803,0.0016663877421629,-0.0127529766507499,-0.0003080939286819,6.4171e+23
2451917.5,-1.637582346791279,-0.1469182573755503,0.037172195183788,0.0017753265733554,-0.0127436376137378,-0.0003105756923022,6.4171e+23
2451918.5,-1.635752547060413,-0.1596568675581176,0.0368603860043878,0.0018842737887821,-0.0127334394587278,-0.0003130396723408,6.4171e+23
2451919.5,-1.63381379825309,-0.1723848493954821,0.0365461218143046,0.0019932238177131,-0.0127223806899792,-0.0003154856979559,6.4171e+23
2451920.5,-1.631766100361388,-0.1851013415446335,0.0362294206564633,0.0021021710515012,-0.0127104598325028,-0.000317913594507,6.4171e+23
2451921.5,-1.629609458988993,-0.1978054811949063,0.0359103007421864,0.0022111098530846,-0.0126976754296784,-0.0003203231885141,6.4171e+23
2451922.5,-1.627343885382571,-0.2104964040832585,0.0355887804517847,0.002320034563515,-0.0126840260430471,-0.0003227143111514,6.4171e+23
2451923.5,-1.624969396463545,-0.2231732445086414,0.0352648783352386,0.0024289395013422,-0.012669510251038,-0.0003250867979303,6.4171e+23
2451924.5,-1.622486014859331,-0.2358351353460177,0.0349386131124528,0.0025378189554884,-0.0126541266414387,-0.0003274404846069,6.4171e+23
2451925.5,-1.619893768934577,-0.2484812080614529,0.0346100036732746,0.0026466671765609,-0.0126378738054309,-0.000329775202457,6.4171e+23
2451926.5,-1.617192692823709,-0.2611105927287012,0.0342790690779339,0.0027554783741925,-0.0126207503444741,-0.0003320907776214,6.4171e+23
2451927.5,-1.614382826464849,-0.2737224180462444,0.0339458285579989,0.0028642467214708,-0.0126027548837478,-0.0003343870345346,6.4171e+23
2451928.5,-1.611464215633742,-0.2863158113538786,0.0336103015172046,0.0029729663585255,-0.012583886078082,-0.0003366637983242,6.4171e+23
2451929.5,-1.608436911976758,-0.2988898986494651,0.0332725075316417,0.0030816313934857,-0.0125641426072957,-0.0003389208951104,6.4171e+23
2451930.5,-1.605300973043654,-0.3114438046069284,0.0329324663495972,0.003190235905662,-0.0125435231669984,-0.0003411581531502,6.4171e+23
2451931.5,-1.602056462321406,-0.323976652595125,0.0325901978917492,0.0032987739486427,-0.0125220264619036,-0.0003433754040711,6.4171e+23
2451932.5,-1.598703449269345,-0.3364875646961764,0.0322457222519309,0.0034072395446766,-0.0124996512058991,-0.0003455724800547,6.4171e+23
2451933.5,-1.595242009354678,-0.3489756617230644,0.0318990596979712,0.0035156266725287,-0.0124763961294689,-0.0003477492082581,6.4171e+23
2451934.5,-1.591672224087612,-0.3614400632379822,0.0315502306721098,0.0036239292632224,-0.0124522599871262,-0.0003499054094102,6.4171e+23
2451935.5,-1.587994181056603,-0.3738798875724822,0.0311992557911703,0.0037321412077222,-0.012427241558598,-0.0003520409021368,6.4171e+23
2451936.5,-1.584207973964729,-0.3862942518485229,0.0308461558470483,0.003840256366421,-0.0124013396482789,-0.0003541555080344,6.4171e+23
2451937.5,-1.580313702667083,-0.3986822719988881,0.0304909518075276,0.0039482685720656,-0.0123745530857666,-0.0003562490533866,6.4171e+23
2451938.5,-1.57631147320812,-0.4110430627868383,0.0301336648168626,0.0040561716259606,-0.0123468807217177,-0.0003583213671071,6.4171e+23
2451939.5,-1.572201397858805,-0.423375737826285,0.0297743161959351,0.0041639592908141,-0.0123183214183044,-0.0003603722766466,6.4171e+23
2451940.5,-1.567983595154855,-0.4356794096035506,0.0294129274425707,0.0042716252841111,-0.0122888740468807,-0.0003624016047692,6.4171e+23
2451941.5,-1.56365818993701,-0.4479531895002929,0.029049520232521,0.0043791632766763,-0.0122585374999442,-0.0003644091700293,6.4171e+23
2451942.5,-1.559225313392441,-0.4601961878166635,0.0286841164207101,0.0044865668956563,-0.0122273107045252,-0.0003663947895642,6.4171e+23
2451943.5,-1.554685103095748,-0.4724075137948026,0.0283167380419763,0.0045938297266569,-0.0121951926239149,-0.0003683582805406,6.4171e+23
2451944.5,-1.550037703049418,-0.484586275643856,0.0279474073112026,0.0047009453161765,-0.0121621822504857,-0.0003702994610887,6.4171e+23
2451945.5,-1.545283263724852,-0.4967315805669284,0.0275761466234599,0.0048079071764396,-0.0121282785985377,-0.0003722181524123,6.4171e+23
2451946.5,-1.540421942104681,-0.5088425347887925,0.0272029785546493,0.0049147087862918,-0.0120934807016154,-0.0003741141790735,6.4171e+23
2451947.5,-1.535453901725659,-0.5209182435832846,0.0268279258623967,0.0050213435818181,-0.0120577876148613,-0.0003759873643035,6.4171e+23
2451948.5,-1.530379312721091,-0.5329578113011862,0.0264510114866409,0.0051278049450086,-0.012021198421874,-0.0003778375247205,6.4171e+23
2451949.5,-1.52519835186276,-0.5449603414001921,0.0260722585498103,0.0052340862048246,-0.0119837122407859,-0.0003796644714298,6.4171e+23
2451950.5,-1.519911202603184,-0.5569249364769268,0.0256916903570455,0.0053401806480296,-0.011945328226427,-0.0003814680157982,6.4171e+23
2451951.5,-1.514518055118583,-0.568850698299343,0.0253093303967641,0.0054460815269361,-0.0119060455717353,-0.0003832479734918,6.4171e+23
2451952.5,-1.509019106351705,-0.5807367278384618,0.0249252023411787,0.005551782059236,-0.0118658635070561,-0.0003850041642665,6.4171e+23
2451953.5,-1.503414560053726,-0.5925821253002144,0.0245393300462993,0.0056572754237948,-0.0118247812926169,-0.0003867364092377,6.4171e+23
2451954.5,-1.497704626825949,-0.6043859901585825,0.0241517375517036,0.0057625547556118,-0.0117827982093693,-0.0003884445277044,6.4171e+23
2451955.5,-1.491889524162783,-0.6161474211901029,0.0237624490808089,0.0058676131411953,-0.011739913561967,-0.0003901283351183,6.4171e+23
2451956.5,-1.485969476496082,-0.6278655165087518,0.0233714890417331,0.0059724436175134,-0.0116961266937753,-0.0003917876437683,6.4171e+23
2451957.5,-1.479944715239375,-0.6395393736007885,0.0229788820279964,0.0060770391742979,-0.0116514369967168,-0.0003934222647725,6.4171e+23
2451958.5,-1.473815478831089,-0.6511680893603919,0.0225846528185425,0.0061813927571082,-0.0116058439078554,-0.000395032009497,6.4171e+23
2451959.5,-1.467582012777611,-0.6627507601269809,0.0221888263774642,0.0062854972721424,-0.0115593469012542,-0.0003966166915469,6.4171e+23
2451960.5,-1.46124456969743,-0.6742864817236556,0.0217914278541221,0.0063893455908684,-0.0115119454834995,-0.0003981761288854,6.4171e+23
2451961.5,-1.454803409366336,-0.6857743494953877,0.0213924825837171,0.0064929305468638,-0.0114636391929145,-0.0003997101421572,6.4171e+23
2451962.5,-1.448258798762645,-0.697213458346872,0.0209920160878044,0.0065962449235436,-0.0114144276014942,-0.0004012185485809,6.4171e+23
2451963.5,-1.44161101211208,-0.7086029027816841,0.0205900540744367,0.0066992814457491,-0.0113643103205431,-0.0004027011582263,6.4171e+23
2451964.5,-1.434860330932953,-0.7199417769438768,0.0201866224382236,0.0068020327855001,-0.011313287006821,-0.000404157777615,6.4171e+23
2451965.5,-1.428007044082317,-0.7312291746610353,0.0197817472607133,0.0069044915728377,-0.0112613573663058,-0.0004055882156306,6.4171e+23
2451966.5,-1.421051447802584,-0.7424641894872186,0.0193754548109516,0.0070066503997431,-0.0112085211557656,-0.0004069922856071,6.4171e+23
2451967.5,-1.41399384576751,-0.7536459147458127,0.0189677715456647,0.0071085018175666,-0.011154778179084,-0.0004083698037094,6.4171e+23
2451968.5,-1.406834549127498,-0.7647734435736255,0.0185587241089502,0.0072100383337248,-0.0111001282777376,-0.0004097205865667,6.4171e+23
2451969.5,-1.399573876555515,-0.7758458689668299,0.0181483393321288,0.0073112524081209,-0.0110445713251464,-0.0004110444490912,6.4171e+23
2451970.5,-1.392212154294521,-0.7868622838279667,0.0177366442342719,0.007412136448458,-0.0109881072355443,-0.0004123412028067,6.4171e+23
2451971.5,-1.384749716205521,-0.7978217810132566,0.0173236660229901,0.0075126828085945,-0.0109307359796291,-0.000413610656199,6.4171e+23
2451972.5,-1.37718690381472,-0.8087234533806723,0.0169094320946772,0.0076128837912716,-0.0108724575896229,-0.0004148526164897,6.4171e+23
2451973.5,-1.36952406635976,-0.8195663938398319,0.0164939700341517,0.0077127316534173,-0.0108132721529653,-0.0004160668919031,6.4171e+23
2451974.5,-1.361761560836367,-0.8303496954037719,0.0160773076143901,0.0078122186124345,-0.0107531798062738,-0.000417253294434,6.4171e+23
2451975.5,-1.353899752046009,-0.8410724512413194,0.0156594727967522,0.0079113368485831,-0.0106921807339671,-0.0004184116408756,6.4171e+23
2451976.5,-1.345939012643754,-0.8517337547291555,0.0152404937313429,0.0080100784978701,-0.0106302751678465,-0.0004195417490301,6.4171e+23
2451977.5,-1.337879723185532,-0.862332699504513,0.0148203987570356,0.0081084356397563,-0.0105674633881596,-0.0004206434314835,6.4171e+23
2451978.5,-1.329722272175181,-0.8728683795201848,0.0143992164012653,0.0082064002938255,-0.0105037457297081,-0.000421716494453,6.4171e+23
2451979.5,-1.321467056112188,-0.8833398891019281,0.0139769753800465,0.0083039644290869,-0.0104391225896806,-0.0004227607431713,6.4171e+23
2451980.5,-1.313114479540014,-0.8937463230066566,0.0135537045982932,0.0084011199729016,-0.0103735944322464,-0.0004237759866767,6.4171e+23
2451981.5,-1.304664955093957,-0.904086776480538,0.0131294331499622,0.0084978588116316,-0.0103071617880543,-0.0004247620379269,6.4171e+23
2451982.5,-1.296118903547896,-0.914360345317944,0.012704190317619,0.0085941727881301,-0.0102398252472305,-0.0004257187118717,6.4171e+23
2451983.5,-1.287476753860711,-0.9245661259223938,0.0122780055717925,0.0086900537004676,-0.0101715854502033,-0.0004266458240547,6.4171e+23
2451984.5,-1.278738943223723,-0.9347032153691384,0.0118509085708307,0.0087854932986093,-0.0101024430872661,-0.0004275431888225,6.4171e+23
2451985.5,-1.269905917109142,-0.9447707114683356,0.0114229291613266,0.0088804832786449,-0.010032398911512,-0.000428410617265,6.4171e+23
2451986.5,-1.260978129318085,-0.9547677128288358,0.0109940973783672,0.0089750152814276,-0.0099614537520289,-0.0004292479174086,6.4171e+23
2451987.5,-1.251956042027235,-0.9646933189236724,0.0105644434450802,0.0090690808975564,-0.0098896085140539,-0.0004300548966557,6.4171e+23
2451988.5,-1.242840125835032,-0.9745466301578748,0.0101339977719037,0.0091626716750681,-0.0098168641723325,-0.0004308313651025,6.4171e+23
2451989.5,-1.233630859808493,-0.9843267479377242,0.0097027909562385,0.0092557791252439,-0.009743221768283,-0.0004315771381134,6.4171e+23
2451990.5,-1.22432873153043,-0.9940327747401162,0.0092708537824312,0.0093483947213613,-0.0096686824099944,-0.0004322920354192,6.4171e+23
2451991.5,-1.214934237145943,-1.003663814182097,0.008838217221534,0.0094405098890715,-0.009593247270424,-0.0004329758758383,6.4171e+23
2451992.5,-1.205447881408126,-1.013218971092134,0.0084049124306952,0.0095321159966728,-0.0095169175883394,-0.000433628472297,6.4171e+23
2451993.5,-1.195870177723951,-1.022697351584158,0.0079709707526359,0.0096232043569547,-0.0094396946767269,-0.0004342496333639,6.4171e+23
2451994.5,-1.186201648200774,-1.032098063133432,0.007536423715507,0.0097137662375819,-0.0093615799322941,-0.0004348391690831,6.4171e+23
2451995.5,-1.176442823692565,-1.041420214652772,0.0071013030327869,0.009803792866883,-0.0092825748389062,-0.0004353968938616,6.4171e+23
2451996.5,-1.166594243844817,-1.050662916569264,0.0066656406026656,0.0098932754328808,-0.0092026809635624,-0.0004359226253499,6.4171e+23
2451997.5,-1.156656457138277,-1.059825280902807,0.0062294685069392,0.0099822050826692,-0.009121899947545,-0.0004364161832187,6.4171e+23
2451998.5,-1.146630020932839,-1.068906421346819,0.0057928190100794,0.0100705729225238,-0.0090402335002031,-0.0004368773885319,6.4171e+23
2451999.5,-1.136515501512307,-1.077905453350053,0.0053557245589352,0.0101583700131225,-0.0089576834038047,-0.0004373060614307,6.4171e+23
2452000.5,-1.126313474129166,-1.086821494198889,0.0049182177826614,0.0102455873628536,-0.0088742515277547,-0.0004377020185344,6.4171e+23
2452001.5,-1.116024523048001,-1.095653663101033,0.0044803314921123,0.0103322159285936,-0.0087899398375497,-0.0004380650737472,6.4171e+23
2452002.5,-1.105649241587559,-1.104401081271744,0.0040420986786662,0.0104182466240211,-0.0087047503918293,-0.0004383950419938,6.4171e+23
2452003.5,-1.095188232162702,-1.113062872022277,0.0036035525131531,0.010503670328419,-0.0086186853377093,-0.0004386917430268,6.4171e+23
2452004.5,-1.084642106326636,-1.121638160849116,0.0031647263452085,0.010588477890033,-0.0085317469105799,-0.0004389550027067,6.4171e+23
2452005.5,-1.074011484812495,-1.130126075523288,0.0027256537026087,0.0106726601214028,-0.0084439374332401,-0.0004391846500991,6.4171e+23
2452006.5,-1.063296997573514,-1.138525746180793,0.0022863682901645,0.0107562077896716,-0.0083552593124432,-0.0004393805119155,6.4171e+23
2452007.5,-1.052499283822575,-1.146836305415615,0.0018469039884706,0.0108391116110838,-0.0082657150417193,-0.0004395424096956,6.4171e+23
2452008.5,-1.041618992072058,-1.155056888375301,0.0014072948530281,0.0109213622565828,-0.0081753072130686,-0.0004396701632655,6.4171e+23
2452009.5,-1.030656780173613,-1.163186632857716,0.000967575113639,0.0110029503611527,-0.0080840385265852,-0.0004397635957478,6.4171e+23
2452010.5,-1.019613315356492,-1.171224679408207,0.0005277791734514,0.0110838665269597,-0.0079919117905933,-0.0004398225346066,6.4171e+23
2452011.5,-1.008489274263985,-1.179170171418191,8.794160736227217e-05,0.0111641013230548,-0.0078989299142943,-0.0004398468104415,6.4171e+23
2452012.5,-0.9972853429889028,-1.187022255226118,-0.0003519028397621,0.0112436452872298,-0.0078050958995623,-0.0004398362568702,6.4171e+23
2452013.5,-0.9860022171092884,-1.19478008022019,-0.0007917192543852,0.0113224889258279,-0.007710412839119,-0.0004397907098276,6.4171e+23
2452014.5,-0.9746406017241798,-1.20244279894165,-0.0012314725551229,0.0114006227066612,-0.0076148839249779,-0.0004397100041,6.4171e+23
2452015.5,-0.9632012114881172,-1.210009567188935,-0.0016711274937719,0.0114780370530565,-0.0075185124611973,-0.000439593970765,6.4171e+23
2452016.5,-0.9516847706436912,-1.217479544124136,-0.002110648656976,0.0115547223487348,-0.0074213018685878,-0.0004394424395289,6.4171e+23
2452017.5,-0.9400920130528864,-1.224851892382167,-0.0025500004681354,0.0116306689491554,-0.0073232556810915,-0.0004392552436716,6.4171e+23
2452018.5,-0.9284236822281562,-1.23212577818143,-0.002989147188969,0.0117058671893797,-0.0072243775437828,-0.000439032223255,6.4171e+23
2452019.5,-0.9166805313627928,-1.239300371434632,-0.0034280529208702,0.0117803073841073,-0.0071246712131937,-0.0004387732244507,6.4171e+23
2452020.5,-0.904863323359476,-1.246374845860058,-0.0038666816066199,0.0118539798212968,-0.0070241405537852,-0.0004384780953479,6.4171e+23
2452021.5,-0.8929728308571644,-1.25334837909469,-0.0043049970324806,0.0119268747546976,-0.0069227895340207,-0.0004381466813318,6.4171e+23
2452022.5,-0.8810098362575629,-1.260220152809911,-0.0047429628300651,0.0119989824025286,-0.006820622232841,-0.0004377788244578,6.4171e+23
2452023.5,-0.8689751317515741,-1.266989352828871,-0.0051805424777174,0.0120702929546137,-0.0067176428536903,-0.0004373743675793,6.4171e+23
2452024.5,-0.8568695193445662,-1.273655169244336,-0.0056176993019314,0.0121407965796006,-0.0066138557314745,-0.000436933157815,6.4171e+23
2452025.5,-0.8446938108793831,-1.280216796537271,-0.0060543964793833,0.0122104834269273,-0.0065092653280773,-0.0004364550465001,6.4171e+23
2452026.5,-0.8324488280575781,-1.286673433697405,-0.0064905970394216,0.0122793436285487,-0.0064038762233247,-0.0004359398887955,6.4171e+23
2452027.5,-0.8201354024602555,-1.293024284345932,-0.0069262638663081,0.0123473673018546,-0.0062976931095618,-0.0004353875442059,6.4171e+23
2452028.5,-0.8077543755690262,-1.299268556859176,-0.0073613597008787,0.0124145445469283,-0.0061907207938874,-0.0004347978747573,6.4171e+23
2452029.5,-0.7953065987861647,-1.305405464492763,-0.0077958471420564,0.0124808654372908,-0.006082964207789,-0.0004341707404278,6.4171e+23
2452030.5,-0.7827929334528856,-1.311434225507622,-0.0082296886488468,0.0125463200166913,-0.0059744284172711,-0.0004335059976985,6.4171e+23
2452031.5,-0.7702142508658101,-1.317354063299194,-0.0086628465428023,0.0126108983085821,-0.0058651186252778,-0.0004328035038881,6.4171e+23
2452032.5,-0.7575714322925097,-1.3231642065293,-0.0090952830103928,0.0126745903284502,-0.0057550401698177,-0.0004320631224616,6.4171e+23
2452033.5,-0.74486536898616,-1.328863889259083,-0.0095269601050829,0.0127373860888421,-0.0056441985242435,-0.0004312847246495,6.4171e+23
2452034.5,-0.7320969621981904,-1.334452351082511,-0.0099578397496042,0.0127992755967232,-0.0055325992963051,-0.0004304681869968,6.4171e+23
2452035.5,-0.7192671231881886,-1.339928837261518,-0.0103878837387984,0.0128602488478867,-0.0054202482225595,-0.0004296133871227,6.4171e+23
2452036.5,-0.7063767732319283,-1.345292598863887,-0.0108170537426065,0.0129202958231104,-0.0053071511669004,-0.0004287202007821,6.4171e+23
2452037.5,-0.6934268436285441,-1.350542892903525,-0.0112453113086111,0.0129794064900929,-0.00519331413198,-0.0004277885028011,6.4171e+23
2452038.5,-0.6804182757062567,-1.35567898248185,-0.0116726178643352,0.013037570810946,-0.0050787432736268,-0.0004268181708618,6.4171e+23
2452039.5,-0.6673520208251058,-1.360700136929806,-0.0120989347200373,0.0130947787484945,-0.0049634449032157,-0.0004258090876449,6.4171e+23
2452040.5,-0.6542290403763362,-1.365605631951363,-0.0125242230722373,0.0131510202698646,-0.0048474254794524,-0.0004247611408755,6.4171e+23
2452041.5,-0.6410503057796422,-1.370394749769166,-0.0129484440073871,0.0132062853512055,-0.004730691600253,-0.0004236742240516,6.4171e+23
2452042.5,-0.6278167984793581,-1.375066779271479,-0.013371558505071,0.0132605639805248,-0.0046132500008727,-0.0004225482366698,6.4171e+23
2452043.5,-0.6145295099392245,-1.379621016159185,-0.0137935274408626,0.0133138461523725,-0.0044951075580585,-0.0004213830807456,6.4171e+23
2452044.5,-0.6011894416346368,-1.384056763093299,-0.0142143115894308,0.0133661218592326,-0.0043762712982151,-0.0004201786560366,6.4171e+23
2452045.5,-0.5877976050420591,-1.388373329844664,-0.0146338716281711,0.0134173810938327,-0.0042567484044477,-0.0004189348607537,6.4171e+23
2452046.5,-0.5743550216263634,-1.392570033446248,-0.015052168140964,0.0134676138628207,-0.0041365462178692,-0.0004176515975072,6.4171e+23
2452047.5,-0.5608627228266937,-1.396646198346584,-0.0154691616216416,0.0135168101979228,-0.0040156722368469,-0.0004163287776933,6.4171e+23
2452048.5,-0.5473217500402198,-1.400601156563068,-0.0158848124773843,0.0135649601575205,-0.0038941341163612,-0.0004149663209712,6.4171e+23
2452049.5,-0.5337331546028022,-1.404434247835635,-0.0162990810325835,0.0136120538229307,-0.0037719396634451,-0.0004135641518034,6.4171e+23
2452050.5,-0.5200979977668245,-1.408144819782247,-0.0167119275331052,0.0136580812949783,-0.0036490968303502,-0.0004121221961,6.4171e+23
2452051.5,-0.5064173506775194,-1.411732228056492,-0.0171233121502675,0.0137030326926526,-0.0035256137170176,-0.0004106403797043,6.4171e+23
2452052.5,-0.4926922943481195,-1.415195836506375,-0.0175331949842882,0.0137468981558661,-0.0034014985858484,-0.0004091186297693,6.4171e+23
2452053.5,-0.4789239196324478,-1.418535017333516,-0.017941536067839,0.0137896678520882,-0.0032767598731313,-0.0004075568776328,6.4171e+23
2452054.5,-0.4651133271937067,-1.421749151253228,-0.0183482953703464,0.0138313319826444,-0.0031514061857771,-0.0004059550603616,6.4171e+23
2452055.5,-0.4512616274700105,-1.424837627656417,-0.0187534328027897,0.0138718807884407,-0.0030254462914676,-0.0004043131215974,6.4171e+23
2452056.5,-0.4373699406380263,-1.427799844773105,-0.0191569082222537,0.0139113045556677,-0.0028988891134639,-0.0004026310127674,6.4171e+23
2452057.5,-0.4234393965749459,-1.430635209836193,-0.0195586814360129,0.0139495936161237,-0.0027717437315198,-0.0004009086919615,6.4171e+23
2452058.5,-0.4094711348177569,-1.433343139245009,-0.0199587122056383,0.0139867383394951,-0.0026440193858754,-0.0003991461189705,6.4171e+23
2452059.5,-0.3954663045190656,-1.435923058729921,-0.0203569602515803,0.0140227291276593,-0.0025157254835121,-0.0003973432516032,6.4171e+23
2452060.5,-0.3814260643999061,-1.438374403519365,-0.0207533852580641,0.014057556422894,-0.0023868716039921,-0.0003955000489868,6.4171e+23
2452061.5,-0.3673515827002823,-1.440696618508556,-0.0211479468778255,0.0140912107233169,-0.002257467501318,-0.0003936164780562,6.4171e+23
2452062.5,-0.3532440371272423,-1.442889158428098,-0.0215406047366551,0.0141236825909706,-0.0021275231034098,-0.0003916925160149,6.4171e+23
2452063.5,-0.3391046147994399,-1.444951488012088,-0.0219313184382424,0.0141549626509802,-0.0019970485087988,-0.0003897281480764,6.4171e+23
2452064.5,-0.324934512187805,-1.446883082166944,-0.0223200475695857,0.0141850415892015,-0.0018660539790045,-0.0003877233642217,6.4171e+23
2452065.5,-0.310734935053361,-1.448683426141873,-0.0227067517064624,0.0142139101516736,-0.0017345499332492,-0.0003856781571618,6.4171e+23
2452066.5,-0.2965070983832429,-1.450352015700343,-0.0230913904183659,0.0142415591446157,-0.0016025469556679,-0.0003835925215235,6.4171e+23
2452067.5,-0.2822522263242974,-1.451888357291541,-0.0234739232731439,0.0142679794372913,-0.0014700558107167,-0.000381466454937,6.4171e+23
2452068.5,-0.2679715521126367,-1.453291968221834,-0.0238543098421574,0.0142931619690632,-0.0013370874489612,-0.000379299960347,6.4171e+23
2452069.5,-0.2536663179987519,-1.454562376827185,-0.0242325097061947,0.0143170977576226,-0.00120365299893,-0.0003770930478973,6.4171e+23
2452070.5,-0.2393377751694401,-1.455699122646797,-0.0246084824614885,0.0143397779067998,-0.0010697637579317,-0.0003748457366136,6.4171e+23
2452071.5,-0.2249871836674689,-1.45670175659692,-0.0249821877252713,0.014361193611342,-0.0009354311897711,-0.0003725580550394,6.4171e+23
2452072.5,-0.2106158123083479,-1.457569841143656,-0.0253535851411133,0.0143813361540947,-0.0008006669259285,-0.0003702300382422,6.4171e+23
2452073.5,-0.1962249385931528,-1.45830295047529,-0.0257226343846092,0.0144001968980155,-0.0006654827674283,-0.0003678617223347,6.4171e+23
2452074.5,-0.1818158486174552,-1.458900670675758,-0.0260892951694807,0.0144177672855276,-0.0005298906896645,-0.0003654531430105,6.4171e+23
2452075.5,-0.1673898369772148,-1.459362599899628,-0.0264535272536495,0.0144340388515077,-0.0003939028482227,-0.0003630043409354,6.4171e+23
2452076.5,-0.152948206671821,-1.459688348547027,-0.0268152904450502,0.0144490032377479,-0.0002575315806445,-0.0003605153673781,6.4171e+23
2452077.5,-0.1384922690034058,-1.459877539437168,-0.0271745446075431,0.014462652197426,-0.000120789403663,-0.0003579862843873,6.4171e+23
2452078.5,-0.1240233434715987,-1.459929807981096,-0.0275312496673773,0.0144749775937879,1.631099409489711e-05,-0.0003554171617966,6.4171e+23
2452079.5,-0.1095427576642309,-1.459844802354944,-0.027885365620019,0.0144859714004381,0.0001537567611446,-0.0003528080750485,6.4171e+23
2452080.5,-0.0950518471453023,-1.459622183673673,-0.0282368525366513,0.0144956257024527,0.0002915348850757,-0.0003501591040353,6.4171e+23
2452081.5,-0.0805519553404799,-1.459261626164115,-0.0285856705701232,0.014503932696022,0.0004296321820151,-0.0003474703320746,6.4171e+23
2452082.5,-0.0660444334188019,-1.458762817336884,-0.0289317799609957,0.0145108846915083,0.0005680352840197,-0.0003447418465926,6.4171e+23
2452083.5,-0.0515306401693789,-1.45812545815796,-0.0292751410443428,0.0145164741223786,0.0007067306399902,-0.0003419737416654,6.4171e+23
2452084.5,-0.0370119418736841,-1.457349263220663,-0.029615714257023,0.0145206935557858,0.0008457045264755,-0.0003391661207238,6.4171e+23
2452085.5,-0.0224897121747796,-1.45643396091735,-0.0299534601446719,0.0145235357006407,0.0009849430546794,-0.0003363190983315,6.4171e+23
2452086.5,-0.0079653319435641,-1.455379293609423,-0.0302883393682791,0.0145249934095616,0.0011244321713969,-0.0003334327992749,6.4171e+23
2452087.5,0.0065598108590619,-1.454185017795337,-0.0306203127109009,0.0145250596735859,0.0012641576599789,-0.0003305073540086,6.4171e+23
2452088.5,0.0210843213245874,-1.45285090427789,-0.0309493410848369,0.0145237276162888,0.0014041051407873,-0.0003275428939782,6.4171e+23
2452089.5,0.0356067977430279,-1.45137673833198,-0.0312753855389194,0.0145209904986266,0.0015442600662285,-0.0003245395527956,6.4171e+23
2452090.5,0.0501258317521504,-1.449762319872101,-0.0315984072655138,0.0145168417341148,0.0016846077146772,-0.0003214974725131,6.4171e+23
2452091.5,0.0646400084903791,-1.448007463617829,-0.0319183676074101,0.0145112749002009,0.0018251331906955,-0.0003184168073378,6.4171e+23
2452092.5,0.0791479067544681,-1.44611199925691,-0.0322352280651429,0.0145042837400364,0.0019658214320635,-0.000315297722034,6.4171e+23
2452093.5,0.0936480991620082,-1.444075771607196,-0.0325489503048547,0.0144958621625371,0.002106657220471,-0.0003121403893479,6.4171e+23
2452094.5,0.108139152317577,-1.441898640778088,-0.0328594961661319,0.0144860042449697,0.0022476251896365,-0.0003089449890226,6.4171e+23
2452095.5,0.1226196269815895,-1.439580482330557,-0.0331668276692705,0.0144747042335705,0.002388709823526,-0.0003057117065774,6.4171e+23
2452096.5,0.137088078242474,-1.437121187434715,-0.0334709070222345,0.0144619565420108,0.0025298954452241,-0.0003024407316067,6.4171e+23
2452097.5,0.1515430556936209,-1.434520663025408,-0.0337716966280881,0.0144477557558105,0.0026711662097637,-0.0002991322586514,6.4171e+23
2452098.5,0.165983103615412,-1.431778831956896,-0.0340691590931171,0.0144320966441086,0.0028125061107795,-0.0002957864907256,6.4171e+23
2452099.5,0.1804067611611197,-1.428895633156503,-0.0343632572349987,0.0144149741713547,0.0029538989915421,-0.0002924036425595,6.4171e+23
2452100.5,0.1948125625458404,-1.425871021775845,-0.0346539540905088,0.0143963835032031,0.0030953285499074,-0.0002889839413968,6.4171e+23
2452101.5,0.2091990372391777,-1.422704969338627,-0.0349412129230828,0.0143763200049168,0.0032367783404469,-0.000285527624201,6.4171e+23
