time,x,y,z,vx,vy,vz
2451544.5,1.13867697024739,0.192687290722281,0.105213887134844,-0.00557086617357146,0.0151452843188586,-0.00103465247675547
2451545.5,1.13299794419375,0.207813766479358,0.104169256121378,-0.00578729044752929,0.0151071365832261,-0.00105460263196422
2451546.5,1.12710218691031,0.222900495701678,0.10310469657695,-0.00600432200972723,0.015065784308161,-0.00107450866607277
2451547.5,1.12098911122091,0.23794425303306,0.10202025526393,-0.00622192039362859,0.0150211858685937,-0.00109436527308156
2451548.5,1.11465817114834,0.252941771523831,0.100915984321362,-0.00644004366263341,0.0149732997089829,-0.00111416700535221
2451549.5,1.10810886339989,0.267889742719809,0.0997919414074758,-0.00665864837926775,0.014922084382559,-0.00113390827186038
2451550.5,1.10134072888346,0.282784816791529,0.0986481898439112,-0.00687768957476302,0.0148674985925635,-0.00115358333655129
2451551.5,1.09435335425385,0.297623602705718,0.0974847987615198,-0.00709712071910995,0.0148095012355322,-0.00117318631680781
2451552.5,1.08714637348877,0.312402668441105,0.0963018432476446,-0.00731689369167767,0.0147480514466678,-0.00119271118204135
2451553.5,1.07971946949387,0.327118541250659,0.0950994044947398,-0.00753695875249284,0.0146831086473452,-0.0012121517524163
2451554.5,1.07207237573613,0.341767707972417,0.0938775699501967,-0.00775726451427971,0.0146146325947893,-0.00123150169771926
2451555.5,1.06420487790477,0.356346615391094,0.0926364334672215,-0.00797775791536692,0.0145425834339649,-0.00125075453638444
2451556.5,1.05611681559882,0.370851670652701,0.0913760954566058,-0.00819838419357255,0.0144669217517114,-0.00126990363468754
2451557.5,1.04780808404022,0.385279241734435,0.0900966630392131,-0.00841908686118442,0.0143876086331527,-0.0012889422061203
2451558.5,1.03927863581135,0.399625657972125,0.0887982501989956,-0.00863980768115813,0.0143046057204104,-0.00130786331095861
2451559.5,1.03052848261572,0.413887210647557,0.0874809779363403,-0.00886048664466082,0.0142178752736382,-0.00132665985603756
2451560.5,1.02155769706038,0.428060153637993,0.0861449744215309,-0.00908106195009436,0.0141273802343982,-0.00134532459474678
2451561.5,1.01236641445848,0.442140704130251,0.0847903751480988,-0.00930146998373683,0.014033084291385,-0.00136385012726021
2451562.5,1.0029548346504,0.456125043401674,0.0834173230858204,-0.00952164530214686,0.0139349519485057,-0.00138222890101448
2451563.5,0.993323223841392,0.470009317670373,0.0820259688331069,-0.00974152061648043,0.0138329485953108,-0.00140045321145048
2451564.5,0.983471916454052,0.483789639017051,0.0806164707685134,-0.00996102677887488,0.0137270405797673,-0.001418515203033
2451565.5,0.973401316993177,0.497462086380784,0.079188995201084,-0.0101800927710599,0.0136171952833563,-0.00143640687056342
2451566.5,0.963111901920895,0.511022706631037,0.0777437165192308,-0.0103986456953599,0.0135033811984681,-0.00145412006080075
2451567.5,0.952604221539503,0.524467515718219,0.0762808173378321,-0.0106166107682561,0.0133855680080605,-0.00147164647440633
2451568.5,0.941878901879402,0.537792499905006,0.0748004886432161,-0.0108339113166821,0.0132637266675352,-0.00148897766822779
2451569.5,0.930936646589294,0.550993617080623,0.0733029299356863,-0.0110504687772279,0.0131378294887764,-0.00150610505793754
2451570.5,0.919778238825635,0.564066798160227,0.0717883493692238,-0.0112662026984337,0.0130078502262866,-0.00152301992104142
2451571.5,0.908404543138194,0.577007948571435,0.070256963887989,-0.0114810307463541,0.0128737641653415,-0.00153971340027281
2451572.5,0.896816507348314,0.589812949829984,0.0687089993592316,-0.011694868713579,0.0127355482120748,-0.00155617650738729
2451573.5,0.885015164416366,0.602477661206399,0.0671446907021976,-0.0119076305318955,0.0125931809853904,-0.00157240012737282
2451574.5,0.873001634294625,0.614997921485434,0.0655642820126142,-0.0121192282887795,0.0124466429105871,-0.00158837502309008
2451575.5,0.860777125761675,0.62736955081995,0.0639680266823114,-0.0123295722479019,0.0122959163145664,-0.00160409184035687
2451576.5,0.848342938234217,0.639588352680723,0.0623561875135335,-0.0125385708738378,0.0121409855224806,-0.00161954111349041
2451577.5,0.835700463551989,0.651650115903562,0.060729036827472,-0.0127461308611613,0.0119818369556622,-0.0016347132713204
2451578.5,0.822851187731322,0.663550616834925,0.0590868565665464,-0.01295215716811,0.0118184592306634,-0.00164959864368497
2451579.5,0.80979669268268,0.675285621577048,0.0574299383899421,-0.0131565530549953,0.0116508432592145,-0.00166418746842111
2451580.5,0.79653865788733,0.686850888333411,0.0557585837619063,-0.0133592201275344,0.0114789823488994,-0.0016784698988597
2451581.5,0.78307886202816,0.698242169855146,0.0540731040322929,-0.0135600583852709,0.0113028723043259,-0.00169243601183474
2451582.5,0.769419184569465,0.709455215988759,0.0523738205088377,-0.0137589662752441,0.0111225115285543,-0.00170607581621455
2451583.5,0.755561607280365,0.720485776325319,0.0506610645206377,-0.0139558407510612,0.0109379011245322,-0.00171937926196201
2451584.5,0.741508215696402,0.731329602950956,0.0489351774723049,-0.0141505773375137,0.0107490449962645,-0.00173233624972874
2451585.5,0.727261200513684,0.74198245329829,0.0471965108882558,-0.0143430702008702,0.0105559499494333,-0.00174493664098725
2451586.5,0.712822858909855,0.752440093098077,0.0454454264466001,-0.0145332122249647,0.0103586257911667,-0.00175717026870262
2451587.5,0.698195595786026,0.762698299430065,0.0436822960020869,-0.0147208950931859,0.0101570854286366,-0.00176902694854391
2451588.5,0.683381924923738,0.772752863871724,0.0419075015975714,-0.0149060093764559,0.0099513449661548,-0.00178049649063335
2451589.5,0.66838447005091,0.782599595743177,0.0401214354634638,-0.0150884446272731,0.00974142380041688,-0.00179156871182893
2451590.5,0.6532059658107,0.792234325446301,0.0383245000046332,-0.0152680894798706,0.00952734471353409,-0.00180223344853427
2451591.5,0.637849258627125,0.801652907895596,0.0365171077742399,-0.0154448317565264,0.00930913396347603,-0.0018124805700267
2451592.5,0.622317307461296,0.810851226038037,0.0346996814339863,-0.0156185585800354,0.0090868213715372,-0.00182229999229232
2451593.5,0.606613184452098,0.81982519445875,0.0328726537002842,-0.0157891564923343,0.00886044040642823,-0.0018316816923541
2451594.5,0.590740075435186,0.828570763068907,0.0310364672758549,-0.0159565115792416,0.00863002826458296,-0.0018406157230762
2451595.5,0.574701280334209,0.837083920871874,0.0291915747662947,-0.0161205096012525,0.00839562594626412,-0.00184909222842504
2451596.5,0.558500213418243,0.845360699803182,0.0273384385811598,-0.0162810361302986,0.00815727832704338,-0.00185710145916469
2451597.5,0.542140403419536,0.853397178639489,0.0254775308191499,-0.0164379766923543,0.0079150342242268,-0.00186463378896105
2451598.5,0.525625493505778,0.861189486971255,0.023609333136994,-0.0165912169157419,0.00766894645779317,-0.00187167973086655
2451599.5,0.508959241101294,0.868733809233442,0.0217343366016753,-0.0167406426849576,0.00741907190541217,-0.00187822995415362
2451600.5,0.492145517551732,0.876026388788076,0.0198530415256616,-0.0168861402998048,0.00716547155111013,-0.0018842753014625
2451601.5,0.475188307627074,0.88306353205214,0.0179659572848466,-0.0170275966395941,0.006908210527155,-0.00188980680622562
2451602.5,0.458091708858013,0.889841612663762,0.0160736021189461,-0.0171648993321313,0.00664735814873805,-0.00189481571032782
2451603.5,0.440859930701091,0.896357075679334,0.0141765029141328,-0.0172979369271828,0.0063829879410389,-0.0018992934819586
2451604.5,0.423497293528264,0.902606441793698,0.0122751949677433,-0.0174265990740753,0.00611517765827152,-0.00190323183360977
2451605.5,0.406008227436964,0.908586311575223,0.0103702217349349,-0.0175507767030488,0.00584400929432368,-0.00190662274016884
2451606.5,0.388397270877095,0.914293369707154,0.00846213455722288,-0.0176703622099543,0.00556956908461909,-0.00190945845705593
2451607.5,0.370669069091847,0.919724389226291,0.00655149237288161,-0.0177852496438476,0.00529194749885214,-0.00191173153834923
2451608.5,0.352828372369668,0.924876235749697,0.00463886140925014,-0.0178953348970041,0.00501123922426792,-0.00191343485484177
2451609.5,0.334880034105214,0.92974587167984,0.00272481485703984,-0.0180005158968449,0.00472754313918672,-0.0019145616119699
2451610.5,0.316829008667651,0.934330360378259,0.000809932526803227,-0.0181006927992344,0.00444096227650129,-0.00191510536755206
2451611.5,0.298680349075196,0.938626870297622,-0.0011051995122147,-0.0181957681825844,0.00415160377690716,-0.00191506004927449
2451612.5,0.280439204475409,0.94263267906178,-0.00301998931055749,-0.0182856472421688,0.00385957883166157,-0.0019144199718592
2451613.5,0.262110817431316,0.94634517748329,-0.00493383943401987,-0.0183702379840324,0.00356500261470382,-0.00191317985384833
2451614.5,0.243700521014092,0.949761873507668,-0.0068461473756753,-0.0184494514178531,0.00326799420401088,-0.00191133483393818
2451615.5,0.225213735703676,0.952880396073593,-0.00875630598398423,-0.0185232017480988,0.00296867649210419,-0.00190888048679573
2451616.5,0.206655966099371,0.955698498878167,-0.0106637039064322,-0.0185914065628056,0.00266717608566914,-0.00190581283829035
2451617.5,0.188032797443134,0.958214064036349,-0.0125677260480794,-0.0186539870192863,0.00236362319429564,-0.00190212838007367
2451618.5,0.169349891958982,0.960425105623726,-0.0144677540443361,-0.018710868026077,0.0020581515083969,-0.00189782408344127
2451619.5,0.150612985012631,0.962329773091817,-0.0163631667472138,-0.0187619784204148,0.00175089806641415,-0.0018928974124109
2451620.5,0.131827881096178,0.963926354545304,-0.0182533407242362,-0.0188072511405461,0.00144200311146626,-0.00188734633595355
2451621.5,0.113000449643356,0.965213279870709,-0.0201376507691317,-0.0188466233921628,0.00113160993765565,-0.00188116933931544
2451622.5,0.0941366206815811,0.966189123706322,-0.0220154704233684,-0.0188800368082717,0.000819864726294734,-0.00187436543437167
2451623.5,0.07524238032769,0.966852608243441,-0.0238861725075352,-0.0189074376018141,0.000506916372369834,-0.00186693416895466
2451624.5,0.0563237661349718,0.967202605849345,-0.0257491296615157,-0.0189287767103672,0.000192916301612264,-0.00185887563510417
2451625.5,0.0373868622997222,0.967238141502822,-0.0276037148923526,-0.0189440099322802,-0.000121981721402021,-0.00185019047618895
2451626.5,0.0184377947362085,0.966958395033495,-0.0294493021286505,-0.0189530980536196,-0.000437621793651988,-0.00184087989285429
2451627.5,-0.000517273970468492,0.966362703156727,-0.0312852667803204,-0.0189560069653308,-0.000753846082048972,-0.00183094564775408
2451628.5,-0.0194721497235445,0.965450561296382,-0.0331109863024349,-0.0189527077700524,-0.0010704950392234,-0.00182039006903077
2451629.5,-0.0384206121751832,0.964221625188357,-0.0349258407619226,-0.0189431768780586,-0.0013874076261074,-0.00180921605251158
2451630.5,-0.0573564200773705,0.962675712258402,-0.0367292134058061,-0.018927396091846,-0.00170442154065776,-0.00179742706259494
2451631.5,-0.0762733167115328,0.960812802768434,-0.0385204912296633,-0.0189053526789251,-0.00202137345202482,-0.00178502713180643
2451632.5,-0.0951650353848834,0.958633040726263,-0.0402990655449715,-0.0188770394324253,-0.00233809923943754,-0.00177202085900957
2451633.5,-0.114025304981138,0.95613673455439,-0.042064332543988,-0.018842454719174,-0.00265443423504321,-0.00175841340626293
2451634.5,-0.132847855552923,0.953324357514318,-0.0438156938608077,-0.0188016025149626,-0.00297021346991317,-0.00174421049432084
2451635.5,-0.151626423942947,0.950196547883607,-0.0455525571272455,-0.0187544924267715,-0.00328527192240264,-0.00172941839678166
2451636.5,-0.170354759420804,0.946754108883743,-0.0472743365221949,-0.0187011397017823,-0.00359944476803473,-0.00171404393289369
2451637.5,-0.18902662932213,0.942998008357708,-0.0489804533131271,-0.018641565223067,-0.003912567630065,-0.00169809445903501
2451638.5,-0.207635824676766,0.938929378196997,-0.0506703363884168,-0.0185757954919031,-0.00422447682987476,-0.00168157785889007
2451639.5,-0.226176165812555,0.934549513518697,-0.0523434227792044,-0.0185038625967296,-0.00453500963633778,-0.00166450253235187
2451640.5,-0.244641507921438,0.92985987159405,-0.0539991581695376,-0.0184258041688153,-0.00484400451330699,-0.00164687738318445
2451641.5,-0.263025746574631,0.924862070530836,-0.055636997393572,-0.0183416633247785,-0.00515130136437493,-0.00162871180548661
2451642.5,-0.28132282317383,0.919557887712702,-0.0572564049186559,-0.018251488596154,-0.00545674177407369,-0.00161001566900299
2451643.5,-0.299526730325609,0.913949257999412,-0.0588568553131702,-0.0181553338462649,-0.00576016924469728,-0.00159079930333415
2451644.5,-0.317631517126469,0.908038271692796,-0.0604378336980519,-0.0180532581747162,-0.00606142942795192,-0.0015710734811023
2451645.5,-0.335631294346349,0.90182717227396,-0.0619988361809864,-0.0179453258098801,-0.00636037035066588,-0.00155084940013379
2451646.5,-0.353520239498789,0.895318353918057,-0.0635393702723172,-0.0178316059898012,-0.00665684263382268,-0.00153013866472396
2451647.5,-0.371292601786411,0.888514358793663,-0.0650589552817916,-0.0177121728319947,-0.00695069970421641,-0.00150895326605343
2451648.5,-0.388942706910849,0.881417874154465,-0.0665571226953268,-0.0175871051926643,-0.00724179799806777,-0.00148730556182869
2451649.5,-0.406464961736857,0.874031729231602,-0.068033416531062,-0.0174564865159057,-0.0075299971559826,-0.00146520825522236
2451650.5,-0.423853858800854,0.866358891935631,-0.0694873936740313,-0.0173204046735036,-0.00781516020868076,-0.00144267437319106
2451651.5,-0.441103980654831,0.858402465377587,-0.0709186241888777,-0.0171789517959656,-0.00809715375297259,-0.00141971724425093
2451652.5,-0.458210004037191,0.850165684219151,-0.0723266916101045,-0.0170322240954679,-0.00837584811751168,-0.00139635047579184
2451653.5,-0.47516670386279,0.84165191086234,-0.0737111932094451,-0.0168803216814142,-0.00865111751790621,-0.00137258793101268
2451654.5,-0.491968957025127,0.832864631489579,-0.0750717402400124,-0.0167233483693321,-0.0089228402008262,-0.00134844370556011
2451655.5,-0.508611746004425,0.823807451965277,-0.0764079581569735,-0.0165614114838485,-0.00919089857680039,-0.00132393210395339
2451656.5,-0.525090162276032,0.814484093610383,-0.0777194868145764,-0.0163946216564979,-0.00945517934145291,-0.00129906761587719
2451657.5,-0.541399409514364,0.804898388861565,-0.0790059806394367,-0.016223092619127,-0.00971557358498746,-0.00127386489242313
2451658.5,-0.557534806588371,0.79505427682683,-0.0802671087800745,-0.0160469409936608,-0.00997197688978317,-0.00124833872235948
2451659.5,-0.573491790345273,0.784955798749544,-0.0815025552327663,-0.0158662860789954,-0.0102242894160228,-0.00122250400850642
2451660.5,-0.589265918180064,0.774607093392804,-0.0827120189438565,-0.0156812496357774,-0.0104724159753287,-0.00119637574429203
2451661.5,-0.604852870389051,0.764012392356173,-0.0838952138887465,-0.0154919556698179,-0.0107162660924369,-0.0011699689905613
2451662.5,-0.620248452306433,0.753176015336683,-0.0850518691278471,-0.015298530214879,-0.0109557540549898,-0.00114329885270763
2451663.5,-0.635448596223658,0.742102365345931,-0.0861817288398521,-0.0151011011155493,-0.0111907989515797,-0.00111638045819279
2451664.5,-0.650449363091981,0.730795923894943,-0.0872845523327521,-0.0148997978109061,-0.0114213246982228,-0.00108922893451788
2451665.5,-0.665246944009368,0.719261246158245,-0.0883601140330689,-0.0146947511196364,-0.0116472600534871,-0.00106185938770366
2451666.5,-0.679837661493515,0.707502956128381,-0.0894082034538489,-0.0144860930272635,-0.011868538622541,-0.00103428688133504
2451667.5,-0.694217970543407,0.695525741771787,-0.0904286251420026,-0.0142739564760914,-0.0120850988504284,-0.00100652641621984
2451668.5,-0.708384459492424,0.683334350196644,-0.0914211986056311,-0.0140584751584528,-0.0122968840049116,-0.00097859291070793
2451669.5,-0.722333850656575,0.670933582842939,-0.0923857582220179,-0.0138397833138074,-0.0125038421492571,-0.000950501181712345
2451670.5,-0.736063000781973,0.658328290704615,-0.0933221531270095,-0.0136180155302031,-0.0127059261053661,-0.00092226592646938
2451671.5,-0.749568901296148,0.645523369593229,-0.0942302470865391,-0.0133933065505757,-0.0129030934076816,-0.000893901705070366
2451672.5,-0.762848678368272,0.632523755452133,-0.0951099183510793,-0.013165791084323,-0.0130953062483217,-0.000865422923793207
2451673.5,-0.775899592783747,0.619334419729709,-0.095961059493837,-0.0129356036245509,-0.0132825314139123,-0.000836843819257367
2451674.5,-0.788719039639043,0.605960364819726,-0.0967835772335227,-0.01270287827135,-0.0134647402146029,-0.000808178443421614
2451675.5,-0.801304547862949,0.592406619576375,-0.097577392242546,-0.0124677485614198,-0.0136419084057667,-0.000779440649439563
2451676.5,-0.813653779570747,0.578678234911053,-0.0983424389414992,-0.012230347304321,-0.0138140161028917,-0.000750644078383894
2451677.5,-0.82576452925805,0.564780279477452,-0.0990786652808037,-0.0119908064255938,-0.0139810476901753,-0.000721802146846116
2451678.5,-0.83763472284128,0.550717835450977,-0.0997860325103943,-0.0117492568169452,-0.0141429917233408,-0.000692928035414884
2451679.5,-0.849262416551935,0.536495994408027,-0.100464514938322,-0.0115058281936674,-0.0142998408271904,-0.000664034678032238
2451680.5,-0.860645795691948,0.522119853310143,-0.101114099679148,-0.0112606489594169,-0.0144515915884089,-0.000635134752223599
2451681.5,-0.871783173257537,0.507594510597507,-0.101734786393008,-0.0110138460784438,-0.0145982444441273,-0.000606240670194137
2451682.5,-0.882672988439046,0.492925062395796,-0.102326587016191,-0.0107655449553323,-0.0147398035667455,-0.000577364570781019
2451683.5,-0.893313805004289,0.478116598839875,-0.102889525484103,-0.010515869322276,-0.0148762767455068,-0.000548518312248224
2451684.5,-0.903704309572933,0.463174200517339,-0.103423637447438,-0.0102649411338859,-0.0150076752653028,-0.000519713465907996
2451685.5,-0.913843309789448,0.448102935034443,-0.103928969982369,-0.0100128804694956,-0.0151340137831746,-0.000490961310550601
2451686.5,-0.923729732402086,0.432907853706488,-0.104405581295576,-0.00975980544290505,-0.0152553102029622,-0.000462272827661905
2451687.5,-0.933362621255282,0.417593988374312,-0.104853540424866,-0.00950583211947613,-0.0153715855485357,-0.000433658697406352
2451688.5,-0.942741135202792,0.402166348348071,-0.105272926936155,-0.00925107444047169,-0.015482863836026,-0.000405129295351213
2451689.5,-0.95186454594873,0.386629917479136,-0.105663830617533,-0.0089956441545081,-0.0155891719454541,-0.000376694689906486
2451690.5,-0.96073223582356,0.370989651360493,-0.106026351171112,-0.00873965075597139,-0.0156905394921364,-0.000348364640453552
2451691.5,-0.969343695501907,0.355250474655702,-0.106360597903341,-0.00848320143023022,-0.0157869986982281,-0.000320148596134631
2451692.5,-0.977698521668916,0.339417278556104,-0.106666689414425,-0.00822640100546288,-0.0158785842647411,-0.000292055695274209
2451693.5,-0.985796414641655,0.323494918365635,-0.10694475328747,-0.00796935191090209,-0.0159653332443552,-0.000264094765402937
2451694.5,-0.993637175951887,0.307488211212314,-0.10719492577794,-0.00771215414128914,-0.0160472849153212,-0.000236274323854006
2451695.5,-1.00122070589631,0.291401933885156,-0.10741735150399,-0.00745490522731879,-0.016124480656729,-0.000208602578901687
2451696.5,-1.00854700106016,0.275240820795039,-0.107612183138181,-0.00719770021184805,-0.0161969638253999,-0.00018108743141155
2451697.5,-1.01561615181976,0.259009562057757,-0.10777958110111,-0.00694063163163463,-0.0162647796346337,-0.000153736476971889
2451698.5,-1.02242833982953,0.242712801697316,-0.107919713257379,-0.00668378950436568,-0.0163279750350286,-0.000126557008475985
2451699.5,-1.02898383549854,0.22635513596729,-0.108032754614368,-0.00642726132073362,-0.0163865985975653,-9.95560191251148e-05
2451700.5,-1.03528299546156,0.209941111787884,-0.108118887024215,-0.00617113204131285,-0.0164407003991318,-7.27402058225823e-05
2451701.5,-1.04132626004929,0.19347522529619,-0.108178298889362,-0.00591548409799017,-0.016490331910644,-4.61159729295192e-05
2451702.5,-1.04711415076217,0.176961920506966,-0.108211184872029,-0.00566039739970151,-0.0165355458879008,-1.96894363538014e-05
2451703.5,-1.05264726775205,0.160405588081138,-0.108217745607939,-0.00540594934222826,-0.016576396265292,6.5335720559332e-06
2451704.5,-1.05792628731549,0.143810564199131,-0.108198187424568,-0.00515221482180882,-0.0166129380524635,3.25474998384331e-05
2451705.5,-1.06295195940253,0.12718112953601,-0.108152722064204,-0.00489926625232343,-0.0166452272340264,5.83470689966157e-05
2451706.5,-1.06772510514434,0.11052150833537,-0.108081566412033,-0.00464717358581441,-0.0166733206723809,8.39272708485992e-05
2451707.5,-1.07224661440292,0.0938358675788119,-0.107984942229488,-0.004396004336108,-0.0166972760137128,0.000109283360677692
2451708.5,-1.07651744334592,0.0771283162478224,-0.107863075893034,-0.0041458236053092,-0.0167171515972058,0.000134410852205114
2451709.5,-1.08053861204928,0.0604029046748168,-0.107716198138556,-0.00389669411294681,-0.0167330063674986,0.000159305511908239
2451710.5,-1.08431120213024,0.0436636239800963,-0.1075445438115,-0.00364867622755159,-0.0167448997904067,0.00018396335320618
2451711.5,-1.08783635441305,0.026914405591448,-0.107348351622891,-0.00340182800045766,-0.0167528917719151,0.000208380630533505
2451712.5,-1.09111526662957,0.0101591208431172,-0.107127863911311,-0.00315620520162339,-0.0167570425804367,0.000232553833321856
2451713.5,-1.09414919115654,-0.00659841934910668,-0.106883326410953,-0.00291186135727617,-0.0167574127723264,0.000256479679908249
2451714.5,-1.09693943279134,-0.023354464739936,-0.106614988025774,-0.00266884778919204,-0.0167540631206247,0.000280155111387779
2451715.5,-1.09948734656786,-0.0401053259369779,-0.106323100609839,-0.00242721365542948,-0.0167470545470031,0.000303577285427457
2451716.5,-1.1017943356136,-0.0568473745166578,-0.106007918753842,-0.00218700599234406,-0.0167364480568727,0.000326743570056913
2451717.5,-1.10386184904952,-0.0735770430768141,-0.10566969957786,-0.00194826975771853,-0.0167223046776101,0.000349651537450701
2451718.5,-1.10569137993342,-0.0902908252290578,-0.105308702530309,-0.00171104787485108,-0.0167046853998519,0.000372298957715971
2451719.5,-1.10728446324781,-0.106985275533936,-0.104925189193118,-0.00147538127745189,-0.0166836511217998,0.000394683792698347
2451720.5,-1.10864267393308,-0.123657009381883,-0.104519423093066,-0.00124130895520654,-0.0166592625964771,0.000416804189817915
2451721.5,-1.1097676249665,-0.140302702822874,-0.104091669519281,-0.00100886799987193,-0.0166315803818691,0.000438658475946318
2451722.5,-1.11066096548748,-0.156919092347633,-0.103642195346825,-0.000778093651778645,-0.0166006647938822,0.000460245151335127
2451723.5,-1.11132437896953,-0.173502974623183,-0.103171268866326,-0.000549019346620751,-0.0165665758620458,0.000481562883604776
2451724.5,-1.11175958143911,-0.190051206185433,-0.102679159619587,-0.000321676762421615,-0.0165293732878864,0.000502610501802573
2451725.5,-1.11196831974147,-0.20656070309145,-0.102166138241095,-9.609586657146e-05,-0.0164891164058936,0.000523386990537529
2451726.5,-1.11195236985352,-0.223028440533949,-0.101632476305361,0.000127695037160628,-0.0164458641470034,0.00054389148419897
2451727.5,-1.11171353524367,-0.239451452420509,-0.101078446179993,0.000349669261730735,-0.0163996750045164,0.000564123261265244
2451728.5,-1.11125364527848,-0.255826830919875,-0.100504320884411,0.000569801690124106,-0.0163506070023714,0.00058408173870812
2451729.5,-1.11057455367588,-0.272151725977684,-0.0999103739541092,0.000788068728936644,-0.0162987176656938,0.000603766466497848
2451730.5,-1.1096781370046,-0.288423344803847,-0.099296879310364,0.00100444826230538,-0.0162440639935371,0.000623177122213251
2451731.5,-1.10856629322949,-0.304638951333728,-0.0986641111352733,0.00121891960625347,-0.016186702433735,0.000642313505760642
2451732.5,-1.10724094030231,-0.320795865665201,-0.0980123437520234,0.00143146346350971,-0.016126688859786,0.0006611755342048
2451733.5,-1.10570401479734,-0.336891463473572,-0.0973418515102675,0.00164206187885707,-0.0160640785496866,0.000679763236714772
2451734.5,-1.10395747059146,-0.352923175406276,-0.0966529086764997,0.00185069819505967,-0.0159989261666365,0.000698076749626734
2451735.5,-1.10200327758791,-0.368888486459187,-0.0959457893293068,0.00205735700941285,-0.0159312857415349,0.000716116311625747
2451736.5,-1.09984342048323,-0.384784935336276,-0.0952207672593788,0.002262024130956,-0.0158612106571912,0.000733882259047796
2451737.5,-1.09747989757663,-0.400610113794318,-0.0944781158741562,0.00246468653838385,-0.0157887536341744,0.000751375021303119
2451738.5,-1.09491471962104,-0.41636166597423,-0.0937181081069933,0.00266533233868735,-0.0157139667182252,0.000768595116421475
2451739.5,-1.09214990871521,-0.432037287720567,-0.0929410163307154,0.00286395072655161,-0.0156369012691581,0.000785543146719654
2451740.5,-1.08918749723599,-0.447634725890651,-0.0921471122754466,0.00306053194453455,-0.0155576079511825,0.000802219794591245
2451741.5,-1.08602952681002,-0.46315177765468,-0.0913366669505876,0.00325506724404639,-0.0154761367245711,0.000818625818418357
2451742.5,-1.08267804732405,-0.478586289788171,-0.0905099505708209,0.00344754884714691,-0.0153925368386102,0.000834762048604761
2451743.5,-1.07913511597307,-0.493936157957951,-0.0896672324860215,0.00363796990917437,-0.0153068568257625,0.000850629383729668
2451744.5,-1.07540279634534,-0.5091993260029,-0.0888087811149555,0.00382632448221698,-0.0152191444969811,0.000866228786821136
2451745.5,-1.07148315754354,-0.524373785210554,-0.0879348638826449,0.00401260747943526,-0.0151294469381106,0.000881561281747904
2451746.5,-1.06737827334123,-0.539457573590624,-0.0870457471612819,0.00419681464024128,-0.0150378105073154,0.000896627949728279
2451747.5,-1.06309022137359,-0.554448775146442,-0.0861416962145769,0.00437894249633803,-0.0149442808334765,0.000911429925954537
2451748.5,-1.0586210823618,-0.569345519145252,-0.0852229751454249,0.00455898833862064,-0.0148489028155018,0.000925968396331152
2451749.5,-1.05397293937,-0.584145979388257,-0.0842898468467772,0.00473695018493869,-0.0147517206224934,0.000940244594325042
2451750.5,-1.04914787709413,-0.598848373481233,-0.0833425729556081,0.00491282674871739,-0.0146527776947217,0.000954259797925919
2451751.5,-1.04414798118166,-0.613450962106498,-0.0823814138098669,0.00508661740843356,-0.0145521167453544,0.000968015326714718
2451752.5,-1.03897533758145,-0.627952048296978,-0.0814066284083077,0.0052583221779409,-0.0144497797628929,0.000981512539037999
2451753.5,-1.03363203192288,-0.642349976713026,-0.0804184743730939,0.00542794167763772,-0.0143458080142692,0.000994752829286149
2451754.5,-1.02812014892336,-0.65664313292267,-0.0794172079150723,0.00559547710646894,-0.0142402420485586,0.00100773762527315
2451755.5,-1.02244177182343,-0.670829942685843,-0.0784030838016185,0.005760930214753,-0.0141331217012664,0.00102046838571564
2451756.5,-1.01659898184864,-0.684908871243191,-0.0773763553269541,0.00592430327782365,-0.0140244860991471,0.00103294659780886
2451757.5,-1.01059385769739,-0.698878422609928,-0.0763372742848406,0.00608559907047508,-0.0139143736655166,0.00104517377489732
2451758.5,-1.0044284750539,-0.712737138875252,-0.0752860909435564,0.00624482084219871,-0.0138028221260214,0.00105715145423754
2451759.5,-0.99810490612557,-0.726483599507738,-0.0742230540230657,0.00640197229319869,-0.0136898685148282,0.0010688811948507
2451760.5,-0.991625219203956,-0.740116420667108,-0.0731484106742911,0.00655705755117288,-0.013575549181201,0.00108036457546272
2451761.5,-0.984991478248555,-0.753634254522774,-0.0720624064604032,0.0067100811488454,-0.0134598997964319,0.00109160319252928
2451762.5,-0.978205742492715,-0.767035788579465,-0.0709652853400441,0.00686104800223637,-0.0133429553610973,0.00110259865834357
2451763.5,-0.971270066070895,-0.780319745010261,-0.0698572896524019,0.00700996338965415,-0.0132247502126076,0.00111335259922419
2451764.5,-0.964186497666593,-0.793484879997318,-0.0687386601040596,0.00715683293139494,-0.0131053180330254,0.00112386665378099
2451765.5,-0.956957080180213,-0.806529983080527,-0.0676096357575385,0.00730166257013447,-0.0129846918571241,0.00113414247125639
2451766.5,-0.949583850416211,-0.81945387651435,-0.0664704540214651,0.00744445855199616,-0.0128629040806632,0.00114418170993994
2451767.5,-0.942068838788834,-0.832255414633022,-0.0653213506422865,0.00758522740828013,-0.0127399864688559,0.00115398603565375
2451768.5,-0.934414069045813,-0.844933483224308,-0.064162559697467,0.00772397593783721,-0.0126159701650076,0.00116355712030659
2451769.5,-0.92662155800936,-0.857486998911985,-0.0629943135900959,0.00786071119007204,-0.0124908856993042,0.00117289664051437
2451770.5,-0.918693315333856,-0.869914908547164,-0.061816843044844,0.00799544044855949,-0.0123647629977301,0.00118200627628489
2451771.5,-0.910631343279626,-0.882216188608598,-0.0606303771052029,0.00812817121525841,-0.012237631391097,0.00119088770976456
2451772.5,-0.902437636502203,-0.894389844612065,-0.0594351431319482,0.00825891119530701,-0.0121095196241674,0.00119954262404522
2451773.5,-0.894114181856512,-0.906434910528908,-0.0582313668027662,0.00838766828238403,-0.0119804558648543,0.00120797270202863
2451774.5,-0.885662958215425,-0.91835044821382,-0.0570192721129889,0.00851445054462014,-0.0118504677134832,0.00121617962534704
2451775.5,-0.877085936302126,-0.930135546841898,-0.05579908137738,0.00863926621104413,-0.0117195822121018,0.00122416507333741
2451776.5,-0.868385078535773,-0.941789322355043,-0.054571015232922,0.00876212365854846,-0.0115878258538223,0.00123193072206773
2451777.5,-0.85956233888994,-0.953310916917701,-0.0533352926425506,0.00888303139935918,-0.0114552245921856,0.00123947824341322
2451778.5,-0.850619662763347,-0.964699498381978,-0.0520921308997898,0.00900199806899512,-0.0113218038505343,0.0012468093041809
2451779.5,-0.841558986862387,-0.975954259762128,-0.0508417456342375,0.00911903241470179,-0.0111875885313838,0.00125392556528034
2451780.5,-0.832382239094989,-0.987074418718409,-0.0495843508178599,0.00923414328434543,-0.0110526030257814,0.00126082868093925
2451781.5,-0.823091338475368,-0.998059217050281,-0.048320158772047,0.00934733961575289,-0.0109168712226429,0.00126752029796188
2451782.5,-0.813688195039209,-1.00890792019894,-0.0470493801753896,0.00945863042648352,-0.0107804165180598,0.00127400205502873
2451783.5,-0.804174709768877,-1.01961981675911,-0.0457722240721369,0.00956802480401924,-0.0106432618245667,0.00128027558203601
2451784.5,-0.794552774528227,-1.03019421800013,-0.044488897881295,0.0096755318963593,-0.010505429580362,0.00128634249947307
2451785.5,-0.784824272006632,-1.04063045739619,-0.0431996074063294,0.00978116090300671,-0.0103669417584764,0.00129220441783656
2451786.5,-0.774991075671819,-1.05092789016572,-0.0419045568454366,0.00988492106633321,-0.0102278198758804,0.00129786293707965
2451787.5,-0.765055049731172,-1.06108589281986,-0.0406039488023483,0.00998682166331046,-0.0100880850025265,0.00130331964609499
2451788.5,-0.755018049101115,-1.07110386271993,-0.0392979842976369,0.0100868719975949,-0.0099477577703203,0.00130857612222992
2451789.5,-0.744881919384242,-1.08098121764386,-0.0379868627804907,0.0101850813919544,-0.00980685838201518,0.00131363393083276
2451790.5,-0.734648496853855,-1.09071739536142,-0.0366707821409271,0.010281459181025,-0.00966540662002698,0.00131849462482878
2451791.5,-0.724319608445587,-1.10031185321826,-0.0353499387224155,0.010376014704386,-0.00952342185516374,0.00132315974432453
2451792.5,-0.713897071755785,-1.10976406772866,-0.0340245273348829,0.0104687572999427,-0.00938092305526741,0.00132763081623957
2451793.5,-0.703382695046376,-1.11907353417681,-0.0326947412680738,0.0105596962976057,-0.00923792879376414,0.00133190935396409
2451794.5,-0.692778277255901,-1.12823976622665,-0.0313607723052406,0.0106488410132567,-0.00909445725812019,0.00133599685704165
2451795.5,-0.682085608016443,-1.13726229554009,-0.0300228107371384,0.0107362007429887,-0.00895052625820111,0.00133989481087568
2451796.5,-0.671306467676185,-1.14614067140355,-0.028681045376303,0.0108217847576142,-0.00880615323453173,0.00134360468645881
2451797.5,-0.660442627327332,-1.15487446036272,-0.0273356635715872,0.0109056022974273,-0.00866135526645521,0.00134712794012402
2451798.5,-0.649495848839143,-1.1634632458654,-0.0259868512229367,0.0109876625672142,-0.00851614908018936,0.00135046601331664
2451799.5,-0.638467884895834,-1.17190662791234,-0.0246347927963832,0.0110679747315002,-0.00837055105677903,0.00135362033238619
2451800.5,-0.627360479039121,-1.18020422271606,-0.0232796713392363,0.0111465479100262,-0.0082245772399432,0.00135659230839725
2451801.5,-0.616175365715172,-1.18835566236734,-0.0219216684954555,0.0112233911734448,-0.00807824334381606,0.0013593833369584
2451802.5,-0.604914270325762,-1.19636059450949,-0.0205609645211846,0.0112985135392286,-0.00793156476058136,0.00136199479806852
2451803.5,-0.593578909283412,-1.20421868202017,-0.0191977383004311,0.0113719239677819,-0.00778455656799942,0.00136442805597946
2451804.5,-0.582170990070316,-1.21192960270071,-0.0178321673608754,0.0114436313587484,-0.00763723353682666,0.00136668445907451
2451805.5,-0.570692211300877,-1.2194930489727,-0.0164644278897941,0.0115136445475076,-0.00748961013812751,0.00136876533976176
2451806.5,-0.559144262787638,-1.22690872758199,-0.0150946947500822,0.0115819723018518,-0.00734170055047862,0.00137067201438171
2451807.5,-0.547528825610465,-1.23417635930971,-0.0137231414963616,0.0116486233188372,-0.00719351866706576,0.00137240578312849
2451808.5,-0.535847572188785,-1.2412956786904,-0.0123499403911611,0.0117136062218025,-0.00704507810267364,0.00137396792998389
2451809.5,-0.524102166356726,-1.24826643373705,-0.0109752624211566,0.0117769295575471,-0.00689639220056916,0.0013753597226637
2451810.5,-0.512294263441003,-1.25508838567301,-0.00959927731345949,0.0118386017936644,-0.00674747403927865,0.00137658241257574
2451811.5,-0.5004255103414,-1.26176130867054,-0.00822215355194043,0.0118986313160224,-0.00659833643925995,0.0013776372347889
2451812.5,-0.488497545613687,-1.26828498959607,-0.00684405839357968,0.0119570264263864,-0.00644899196946995,0.00137852540801272
2451813.5,-0.476511999554864,-1.27465922776196,-0.00546515788483233,0.012013795340178,-0.00629945295382874,0.00137924813458701
2451814.5,-0.464470494290562,-1.2808838346846,-0.00408561687799936,0.0120689461843647,-0.00614973147758112,0.00137980660048083
2451815.5,-0.452374643864507,-1.2869586338489,-0.00270559904759505,0.0121224869954744,-0.00599983939355684,0.00138020197530056
2451816.5,-0.440226054329897,-1.29288346047899,-0.00132526690670209,0.0121744257177306,-0.00584978832833049,0.00138043541230644
2451817.5,-0.428026323842592,-1.29865816131494,5.52181766939304e-05,0.0122247702013025,-0.00569958968828242,0.00138050804843717
2451818.5,-0.415777042756001,-1.30428259439561,0.00143569596339847,0.0122735282006652,-0.00554925466556195,0.00138042100434217
2451819.5,-0.403479793717543,-1.30975662884735,0.00281600732673794,0.0123207073730659,-0.0053987942439542,0.00138017538442104
2451820.5,-0.39113615176661,-1.31508014467851,0.00419599423633246,0.0123663152770911,-0.005248219204652,0.00137977227686992
2451821.5,-0.378747684433896,-1.32025303257972,0.00557549974191828,0.0124103593713307,-0.00509754013193429,0.00137921275373421
2451822.5,-0.366315951842024,-1.32527519372974,0.00695436795722601,0.0124528470131352,-0.00494676741875248,0.00137849787096754
2451823.5,-0.353842506807373,-1.33014653960692,0.00833244404392067,0.0124937854574618,-0.00479591127222639,0.00137762866849638
2451824.5,-0.341328894943009,-1.3348669918061,0.00970957419560921,0.0125331818558048,-0.00464498171905128,0.00137660617029018
2451825.5,-0.32877665476265,-1.33943648186078,0.0110856056219206,0.0125710432552081,-0.00449398861081752,0.0013754313844366
2451826.5,-0.316187317785577,-1.3438549510707,0.0124603865326639,0.0126073765973555,-0.00434294162924465,0.00137410530322164
2451827.5,-0.303562408642422,-1.34812235033454,0.0138337661220682,0.0126421887177346,-0.00419185029133132,0.0013726289032143
2451828.5,-0.290903445181743,-1.35223863998773,0.0152055945531103,0.0126754863448728,-0.00404072395442296,0.00137100314535552
2451829.5,-0.278211938577349,-1.35620378964529,0.0165757229419322,0.0127072760996412,-0.00388957182119862,0.00136922897505125
2451830.5,-0.265489393436268,-1.36001777804965,0.0179440033423547,0.0127375644946226,-0.00373840294457892,0.00136730732226922
2451831.5,-0.252737307907331,-1.36368059292328,0.019310288730489,0.0127663579335431,-0.00358722623255664,0.00136523910163942
2451832.5,-0.239957173790286,-1.36719223082618,0.0206744329894503,0.0127936627107617,-0.00343605045295181,0.00136302521255785
2451833.5,-0.227150476645396,-1.37055269701803,0.0220362908941774,0.0128194850108177,-0.00328488423809281,0.00136066653929348
2451834.5,-0.214318695903463,-1.37376200532501,0.0233957180963603,0.012843830908032,-0.0031337360894255,0.00135816395109817
2451835.5,-0.201463304976223,-1.37682017801121,0.0247525711094789,0.0128667063661595,-0.00298261438205184,0.00135551830231943
2451836.5,-0.188585771367069,-1.3797272456545,0.0261067072939567,0.0128881172380921,-0.00283152736919988,0.00135273043251571
2451837.5,-0.175687556782036,-1.38248324702689,0.02745798484243,0.0129080692656085,-0.00268048318662684,0.00134980116657426
2451838.5,-0.162770117241027,-1.38508822897922,0.0288062627651366,0.0129265680791684,-0.00252948985695692,0.00134673131483122
2451839.5,-0.149834903189214,-1.38754224633018,0.0301514008754258,0.0129436191977511,-0.00237855529395574,0.00134352167319389
2451840.5,-0.136883359608579,-1.38984536175954,0.0314932597753915,0.0129592280287342,-0.0022276873067429,0.00134017302326508
2451841.5,-0.123916926129567,-1.3919976457056,0.0328317008416308,0.0129733998678123,-0.00207689360394461,0.00133668613246931
2451842.5,-0.110937037142787,-1.39399917626675,0.0341665862111294,0.0129861398989529,-0.00192618179778792,0.00133306175418083
2451843.5,-0.0979451219107497,-1.39585003910711,0.0354977787672758,0.0129974531943881,-0.0017755594081384,0.00132930062785335
2451844.5,-0.0849426046795913,-1.39755032736611,0.0368251421260071,0.0130073447146412,-0.00162503386648285,0.00132540347915127
2451845.5,-0.0719309047907565,-1.39910014157215,0.0381485406220849,0.0130158193085857,-0.00147461251985877,0.00132137102008251
2451846.5,-0.058911436792605,-1.40049958956005,0.0394678392955067,0.013022881713535,-0.00132430263473231,0.00131720394913266
2451847.5,-0.0458856105519137,-1.4017487863924,0.0407829038780507,0.0130285365553638,-0.0011741114008263,0.00131290295140048
2451848.5,-0.0328548313652438,-1.40284785428473,0.0420936007799572,0.0130327883486564,-0.00102404593490011,0.00130846869873464
2451849.5,-0.0198205000701444,-1.40379692253439,0.0433997970767478,0.0130356414968836,-0.000874113284482832,0.0013039018498717
2451850.5,-0.00678401315616751,-1.40459612745319,0.0447013604961825,0.0130371002926056,-0.000724320431561598,0.00129920305057514
2451851.5,0.00625323712433421,-1.4052456123037,0.0459981594053564,0.0130371689177003,-0.000574674296226572,0.00129437293377553
2451852.5,0.0192898626456488,-1.40574552723909,0.0472900627979377,0.0130358514436156,-0.000425181740274207,0.00128941211971163
2451853.5,0.0323244792984112,-1.4060960292467,0.0485769402815464,0.0130331518316452,-0.000275849570770424,0.00128432121607264
2451854.5,0.0453557068795965,-1.40629728209503,0.0498586620652767,0.013029073933227,-0.000126684543575267,0.0012791008181412
2451855.5,0.0583821689828217,-1.40634945628428,0.0511350989473621,0.0130236214902626,2.23066331693678e-05,0.00127375150893747
2451856.5,0.0714024928889787,-1.4062527290004,0.0524061223029853,0.0130167981354577,0.000171117295587381,0.00126827385936401
2451857.5,0.0844153094572164,-1.40600728407249,0.0536716040722336,0.0130086073926833,0.000319740820649933,0.00126266842835157
2451858.5,0.097419253016295,-1.40561331193366,0.0549314167482,0.0129990526773551,0.000468170622789182,0.00125693576300573
2451859.5,0.110412961256328,-1.40507100958528,0.0561854333652321,0.0129881372968328,0.000616400150542779,0.00125107639875439
2451860.5,0.123395075120934,-1.4043805805645,0.0574335274873283,0.0129758644508372,0.000764422883227586,0.00124509085949608
2451861.5,0.136364238699813,-1.40354223491514,0.0586755731966827,0.0129622372318849,0.000912232327641139,0.00123897965774916
2451862.5,0.149319099121768,-1.40255618916185,0.0599114450823806,0.0129472586257405,0.00105982201478934,0.0012327432948018
2451863.5,0.162258306448184,-1.40142266628753,0.0611410182292429,0.012930931511886,0.00120718549663892,0.00122638226086292
2451864.5,0.175180513566989,-1.40014189571397,0.062364168206823,0.0129132586640061,0.0013543163428932,0.00121989703521383
2451865.5,0.188084376087107,-1.39871411328572,0.0635807710585555,0.0128942427504905,0.00150120813778967,0.00121328808636096
2451866.5,0.200968552233416,-1.39713956125716,0.0647907032910577,0.0128738863349514,0.00164785447691802,0.00120655587218932
2451867.5,0.213831702742244,-1.39541848828272,0.0659938418635858,0.0128521918767575,0.00179424896405709,0.00119970084011697
2451868.5,0.226672490757389,-1.39355114941026,0.0671900641776451,0.0128291617315832,0.0019403852080294,0.00119272342725048
2451869.5,0.239489581726714,-1.39153780607762,0.0683792480667569,0.0128047981519734,0.00208625681957179,0.00118562406054132
2451870.5,0.252281643299302,-1.38937872611223,0.069561271786382,0.0127791032879237,0.00223185740822088,0.00117840315694332
2451871.5,0.265047345223207,-1.38707418373387,0.0707360140040023,0.0127520791874765,0.00237718057921178,0.0011710611235712
2451872.5,0.277785359243799,-1.38462445956054,0.0719033537893611,0.0127237277973313,0.00252221993038894,0.00116359835786025
2451873.5,0.29049435900274,-1.38202984061736,0.0730631706048646,0.012694050963472,0.00266696904912744,0.00115601524772708
2451874.5,0.303173019937581,-1.3792906203486,0.0742153442961434,0.0126630504318085,0.00281142150926376,0.00114831217173176
2451875.5,0.315820019182024,-1.37640709863273,0.075359755082778,0.0126307278488348,0.00295557086803428,0.00114048949924107
2451876.5,0.328434035466833,-1.37337958180056,0.0764962835491877,0.0125970847623028,0.00309941066302055,0.00113254759059324
2451877.5,0.341013749021443,-1.37020838265641,0.0776248106356847,0.0125621226219122,0.00324293440909971,0.00112448679726397
2451878.5,0.353557841476254,-1.36689382050237,0.0787452176296957,0.0125258427800165,0.00338613559539899,0.00111630746203407
2451879.5,0.366064995765647,-1.3634362211655,0.0798573861571508,0.0124882464923465,0.00352900768225278,0.0011080099191585
2451880.5,0.378533896031732,-1.35983591702824,0.0809611981740435,0.0124493349187505,0.00367154409816115,0.00109959449453715
2451881.5,0.390963227528838,-1.35609324706168,0.0820565359581612,0.0124091091239514,0.0038137382367484,0.00109106150588731
2451882.5,0.403351676528781,-1.352208556862,0.08314328210099,0.0123675700783228,0.00395558345372051,0.00108241126291788
2451883.5,0.415697930226901,-1.3481821986899,0.0842213194997939,0.0123247186586831,0.00409707306382009,0.00107364406750553
2451884.5,0.42800067664892,-1.34401453151311,0.0852905313498717,0.0122805556491081,0.00423820033777767,0.00106476021387279
2451885.5,0.440258604558609,-1.33970592105187,0.0863508011369925,0.0122350817417637,0.00437895849925804,0.00105575998876824
2451886.5,0.452470403366307,-1.33525673982759,0.087402012630013,0.012188297537759,0.00451934072180045,0.00104664367164886
2451887.5,0.464634763038293,-1.33066736721447,0.0884440498736778,0.0121402035480191,0.00465934012575142,0.00103741153486465
2451888.5,0.476750374007053,-1.32593818949426,0.089476797181606,0.012090800194181,0.0047989497751889,0.00102806384384566
2451889.5,0.488815927082449,-1.32106959991401,0.0905001391294656,0.0120400878095104,0.00493816267483671,0.00101860085729151
2451890.5,0.500830113363811,-1.31606199874707,0.0915139605483387,0.0119880666398424,0.00507697176696793,0.00100902282736348
2451891.5,0.512791624152991,-1.31091579335699,0.0925181465182809,0.0119347368445458,0.00521536992829609,0.00099932999987944
2451892.5,0.524699150868387,-1.3056313982647,0.0935125823620761,0.0118800984975129,0.00535334996685307,0.000989522614511542
2451893.5,0.536551384959974,-1.30020923521875,0.0944971536391909,0.0118241515881737,0.00549090461885246,0.000979600904986963
2451894.5,0.548347017825359,-1.29464973326871,0.0954717461399317,0.0117668960225386,0.00562802654553721,0.000969565099291757
2451895.5,0.560084740726893,-1.28895332884169,0.0964362458798062,0.0117083316242677,0.00576470833001054,0.000959415419877979
2451896.5,0.571763244709869,-1.28312046582209,0.0973905390940949,0.0116484581357692,0.00590094247404888,0.000949152083874221
2451897.5,0.583381220521831,-1.27715159563457,0.0983345122326342,0.0115872752193289,0.00603672139489575,0.000938775303299706
2451898.5,0.594937358533029,-1.27104717733011,0.0992680519548158,0.0115247824582694,0.00617203742203554,0.000928285285282096
2451899.5,0.606430348658052,-1.26480767767547,0.100191045124805,0.0114609793581429,0.00630688279394596,0.00091768223227917
2451900.5,0.617858880278663,-1.25843357124578,0.101103378806985,0.011395865347958,0.00644124965482823,0.000906966342304543
2451901.5,0.629221642167887,-1.25192534052049,0.102004940261624,0.0113294397814405,0.00657513005131385,0.000896137809157573
2451902.5,0.640517322415372,-1.24528347598257,0.102895616940782,0.0112617019383323,0.00670851592914695,0.000885196822657661
2451903.5,0.651744608354072,-1.23850847622109,0.103775296484446,0.0111926510257275,0.00684139912984114,0.000874143568883095
2451904.5,0.662902186488283,-1.23160084803713,0.104643866716914,0.0111222861794483,0.00697377138730991,0.000862978230414634
2451905.5,0.673988742423076,-1.22456110655307,0.105501215643418,0.0110506064654627,0.00710562432446951,0.00085170098658402
2451906.5,0.685002960795168,-1.21738977532529,0.106347231447003,0.0109776108813442,0.00723694944981333,0.000840312013727618
2451907.5,0.695943525205279,-1.21008738646032,0.10718180248566,0.010903298357777,0.00736773815395696,0.000828811485445369
2451908.5,0.706809118152013,-1.20265448073448,0.108004817289721,0.0108276677601074,0.00749798170615269,0.000817199572865285
2451909.5,0.717598420967314,-1.19509160771698,0.108816164559526,0.0107507178899433,0.00762767125077289,0.000805476444913677
2451910.5,0.728310113753552,-1.18739932589658,0.10961573316335,0.0106724474868044,0.00775679780376105,0.000793642268591348
2451911.5,0.738942875322279,-1.17957820281178,0.110403412135628,0.0105928552298244,0.00788535224904985,0.000781697209255975
2451912.5,0.749495383134717,-1.17162881518468,0.111179090675448,0.0105119397395074,0.00801332533494525,0.000769641430910901
2451913.5,0.759966313244031,-1.1635517490584,0.111942658145349,0.0104296995795412,0.00814070767047583,0.000757475096500585
2451914.5,0.770354340239443,-1.15534759993821,0.11269400407041,0.0103461332586693,0.00826748972170663,0.000745198368212953
2451915.5,0.780658137192248,-1.14701697293633,0.113433018137648,0.0102612392326235,0.00839366180801667,0.000732811407788891
2451916.5,0.790876375603797,-1.13856048292052,0.11415959019573,0.0101750159061206,0.00851921409833942,0.000720314376839149
2451917.5,0.801007725355507,-1.12997875466642,0.114873610255002,0.0100874616349243,0.00864413660736559,0.000707707437168917
2451918.5,0.811050854660967,-1.12127242301367,0.115574968487853,0.00999857472797635,0.00876841919170753,0.000694990751110339
2451919.5,0.821004430020211,-1.11244213302598,0.116263555229406,0.00990835344959823,0.00889205154602457,0.00068216448186325
2451920.5,0.830867116176229,-1.10348854015498,0.116939260978566,0.00981679602176681,0.00901502319910888,0.000669228793844424
2451921.5,0.840637576073792,-1.09441231040812,0.117601976399411,0.00972390062646684,0.00913732350993115,0.000656183853045613
2451922.5,0.850314470820671,-1.08521412052041,0.11825159232295,0.00962966540812292,0.0092589416636457,0.000643029827400699
2451923.5,0.859896459651326,-1.07589465813033,0.118887999749253,0.00953408847611402,0.00937986666755458,0.000629766887162247
2451924.5,0.869382199893151,-1.06645462195967,0.119511089849966,0.00943716790737383,0.00950008734703025,0.000616395205287793
2451925.5,0.87877034693537,-1.05689472199751,0.120120753971205,0.00933890174907995,0.0096195923413965,0.000602914957836175
2451926.5,0.888059554200659,-1.04721567968839,0.120716883636867,0.00923928802143529,0.00973837009976743,0.000589326324374259
2451927.5,0.897248473119606,-1.03741822812457,0.121299370552344,0.00913832472054521,0.0098564088768442,0.000575629488394377
2451928.5,0.906335753108092,-1.0275031122426,0.12186810660866,0.00903600982139374,0.00997369672866946,0.000561824637742855
2451929.5,0.915320041547699,-1.01747108902408,0.122422983887045,0.00893234128092264,0.0100902215083394,0.000547911965059958
2451930.5,0.924199983769251,-1.0073229277008,0.122963894663955,0.008827317041217,0.0102059708616734,0.000533891668231643
2451931.5,0.932974223039601,-0.997059409964208,0.123490731416546,0.0087209350328013,0.0103209322228415,0.000519763950853477
2451932.5,0.941641400551759,-0.98668133017921,0.124003386828623,0.00861319317804975,0.0104350928099497,0.00050552902270712
2451933.5,0.950200155418501,-0.976189495602516,0.124501753797071,0.0085040893947152,0.0105484396205835,0.000491187100249742
2451934.5,0.958649124669561,-0.965584726605375,0.124985725438776,0.0083936215995807,0.0106609594273097,0.000476738407116803
2451935.5,0.96698694325254,-0.954867856900871,0.125455195098065,0.00828178771223812,0.0107726387731381,0.000462183174638578
2451936.5,0.975212244037659,-0.944039733775762,0.125910056354663,0.00816858565899827,0.0108834639669416,0.000447521642370867
2451937.5,0.983323657826491,-0.933101218326924,0.126350203032189,0.00805401337693708,0.0109934210788378,0.0004327540586403
2451938.5,0.991319813364802,-0.922053185702433,0.126775529207207,0.00793806881808266,0.0111024959355308,0.000417880681104689
2451939.5,0.999199337359666,-0.910896525347323,0.127185929218847,0.00782074995374801,0.0112106741156156,0.000402901777328856
2451940.5,1.00696085450097,-0.899632141254056,0.127581297678998,0.00770205477901443,0.0113179409448457,0.000387817625376409
2451941.5,1.0146029874875,-0.88826095221775,0.127961529483119,0.00758198131737067,0.0114242814913646,0.000372628514417904
2451942.5,1.02212435705771,-0.87678389209618,0.12832651982165,0.00746052762551324,0.011529680560904,0.000357334745355894
2451943.5,1.02952358202545,-0.865201910074611,0.128676164192068,0.00733769179831315,0.0116341226919481,0.000341936631467316
2451944.5,1.03679927932062,-0.853515970935475,0.129010358411588,0.00721347197395471,0.0117375921508679,0.000326434499063722
2451945.5,1.04395006403521,-0.841727055332924,0.129328998630537,0.00708786633925204,0.0118400729270259,0.000310828688169852
2451946.5,1.05097454947458,-0.829836160072305,0.12963198134641,0.00696087313514916,0.0119415487278542,0.000295119553221036
2451947.5,1.05787134721451,-0.817844298394558,0.129919203418643,0.00683249066240963,0.0120420029739072,0.000279307463779954
2451948.5,1.06463906716385,-0.805752500265576,0.130190562084104,0.00670271728750189,0.0121414187938924,0.000263392805273274
2451949.5,1.07127631763333,-0.793561812670546,0.130445954973335,0.00657155144868654,0.0122397790196819,0.000247375979748683
2451950.5,1.07778170541045,-0.781273299913286,0.130685280127557,0.00643899166231209,0.0123370661813067,0.000231257406652857
2451951.5,1.08415383584078,-0.768888043920595,0.130908436016472,0.00630503652932553,0.0124332625019377,0.000215037523630905
2451952.5,1.09039131291596,-0.756407144551626,0.131115321556867,0.0061696847420048,0.0125283498928565,0.000198716787347842
2451953.5,1.09649273936846,-0.743831719912291,0.131305836132053,0.00603293509091963,0.0126223099484205,0.000182295674332631
2451954.5,1.10245671677344,-0.731162906674708,0.131479879612164,0.0058947864721281,0.0127151239410244,0.00016577468184537
2451955.5,1.10828184565795,-0.71840186040168,0.13163735237533,0.00575523789461587,0.0128067728160647,0.000149154328768166
2451956.5,1.11396672561771,-0.705549755876208,0.131778155329754,0.00561428848798551,0.0128972371869099,0.000132435156520286
2451957.5,1.11950995544162,-0.69260778743603,0.131902189936716,0.00547193751040327,0.0129864973298823,0.000115617729998135
2451958.5,1.12491013324447,-0.67957716931317,0.132009358234534,0.00532818435681098,0.0130745331792564,9.87026385406481e-05
2451959.5,1.13016585660786,-0.666459135978478,0.132099562863499,0.00518302856741071,0.0131613243222797,8.16904969206584e-05
2451960.5,1.13527572272991,-0.653254942491133,0.132172707091811,0.00503646983643013,0.0132468499942209,6.45819463628306e-05
2451961.5,1.14023832858371,-0.639965864853084,0.13222869484256,0.0048885080211764,0.0133310890734537,4.73776555887209e-05
2451962.5,1.14505227108508,-0.626593200368391,0.132267430721747,0.00473914315138685,0.0134140200765812,3.00783218895438e-05
2451963.5,1.14971614726983,-0.613138268007406,0.132288820047409,0.00458837543888461,0.0134956211536087,1.26846722272151e-05
2451964.5,1.15422855448075,-0.599602408775767,0.13229276887985,0.00443620528754733,0.0135758700831737,-4.80253563576424e-06
2451965.5,1.15858809056481,-0.58598698608812,0.132279184053019,0.00428263330359778,0.013654744267839,-2.23825119770212e-05
2451966.5,1.1627933540808,-0.572293386146522,0.132247973207059,0.0041276603062244,0.0137322207294593,-4.0054433925067e-05
2451967.5,1.16684294451773,-0.558523018323429,0.132199044822069,0.00397128733854073,0.0138082761046301,-5.78174442395525e-05
2451968.5,1.17073546252437,-0.544677315549191,0.132132308253091,0.00381351567889221,0.0138828866402283,-7.56706500604864e-05
2451969.5,1.17446951015032,-0.530757734703963,0.13204767376637,0.00365434685251908,0.013956028189054,-9.36131216258954e-05
2451970.5,1.17804369109883,-0.516765757013912,0.13194505257691,0.00349378264358414,0.0140276762055862,-0.000111643890957418
2451971.5,1.18145661099197,-0.502702888451608,0.131824356887363,0.00333182510757423,0.0140978057418617,-0.000129761950513342
2451972.5,1.18470687764822,-0.488570660140472,0.131685499928277,0.00316847658408412,0.0141663914434914,-0.000147966251808609
2451973.5,1.18779310137322,-0.47437062876313,0.131528395999742,0.00300373970999161,0.0142334075458239,-0.000166255704001342
2451974.5,1.19071389526375,-0.460104376973531,0.131352960514474,0.00283761743303276,0.0142988278702729,-0.000184629172445469
2451975.5,1.19346787552558,-0.445773513812641,0.131159110042351,0.00267011302578574,0.0143626258208204,-0.000203085477209037
2451976.5,1.19605366180543,-0.431379675127546,0.130946762356455,0.00250123010007213,0.0144247743807103,-0.000221623391557857
2451977.5,1.19846987753766,-0.416924523993757,0.130715836480651,0.00233097262178419,0.0144852461093505,-0.000240241640404138
2451978.5,1.20071515030588,-0.402409751140504,0.130466252738727,0.00215934492614649,0.0145440131394359,-0.000258938898719819
2451979.5,1.20278811222012,-0.387837075378785,0.130197932805143,0.00198635173342023,0.0146010471743139,-0.000277713789914335
2451980.5,1.2046874003099,-0.37320824403193,0.12991079975742,0.0018119981650584,0.0146563194856059,-0.000296564884176614
2451981.5,1.20641165693369,-0.358525033368394,0.129604778130207,0.00163628976031957,0.0147098009111081,-0.000315490696781129
2451982.5,1.20795953020523,-0.343789249036515,0.129279793971052,0.00145923249334807,0.0147614618529875,-0.000334489686357911
2451983.5,1.20932967443712,-0.32900272650091,0.128935774897932,0.00128083279072789,0.0148112722762964,-0.000353560253126462
2451984.5,1.21052075060227,-0.314167331480196,0.128572650158557,0.00110109754951724,0.0148592017078256,-0.000372700737093576
2451985.5,1.2115314268136,-0.29928496038567,0.128190350691503,0.000920034155770578,0.0149052192353203,-0.000391909416215166
2451986.5,1.21236037882245,-0.284357540760591,0.127788809189194,0.00073765050355417,0.0149492935070805,-0.000411184504522225
2451987.5,1.21300629053637,-0.269387031719653,0.127367960162779,0.000553955014461115,0.0149913927319722,-0.000430524150211178
2451988.5,1.21346785455658,-0.254375424388233,0.126927740008938,0.000368956657630904,0.0150314846798742,-0.000449926433698933
2451989.5,1.21374377273573,-0.239324742340967,0.126468087078646,0.000182664970278279,0.0150695366825878,-0.000469389365643043
2451990.5,1.21383275675649,-0.224237042039162,0.12598894174794,-4.90992126467464e-06,0.015105515635237,-0.000488910884927488
2451991.5,1.21373352873136,-0.209114413266566,0.12549024649071,-0.00019375727998986,0.0151393879981884,-0.000508488856614702
2451992.5,1.2134448218244,-0.193958979562931,0.12497194595356,-0.000383865736135447,0.0151711197995208,-0.000528121069864566
2451993.5,1.21296538089516,-0.178772898654829,0.124433987032767,-0.000575223264587404,0.0152006766380763,-0.000547805235821219
2451994.5,1.21229396316562,-0.163558362883108,0.12387631895336,-0.000767817161759562,0.0152280236871247,-0.000567538985468667
2451995.5,1.2114293389104,-0.148317599626365,0.123298893350372,-0.000961634021952462,0.0152531256986758,-0.000587319867456312
2451996.5,1.21037029217092,-0.133052871719761,0.12270166435227,-0.00115665971319236,0.0152759470084743,-0.000607145345895656
2451997.5,1.20911562149398,-0.117766477868501,0.122084588666606,-0.00135287935255295,0.0152964515417124,-0.000627012798129608
2451998.5,1.20766414069525,-0.102460753055206,0.121447625667914,-0.00155027728096351,0.0153146028195001,-0.000646919512475961
2451999.5,1.20601467964824,-0.0871380689404382,0.12079073748787,-0.00174883703750893,0.0153303639661281,-0.000666862685946817
2452000.5,1.20416608509918,-0.0718008342555407,0.120113889107752,-0.00194854133322788,0.0153436977171673,-0.000686839421945884
2452001.5,1.2021172215084,-0.0564514951869427,0.119417048453203,-0.00214937202441783,0.0153545664284426,-0.00070684672794579
2452002.5,1.19986697191861,-0.0410925357510396,0.118700186491335,-0.0023513100854565,0.0153629320859248,-0.000726881513147749
2452003.5,1.19741423885058,-0.0257264781587019,0.117963277330175,-0.00255433558115173,0.0153687563165847,-0.000746940586126147
2452004.5,1.19475794522678,-0.0103558831684309,0.117206298320474,-0.00275842763863337,0.0153720004002525,-0.000767020652460813
2452005.5,1.19189703532325,0.00501664957286628,0.116429230159893,-0.00296356441880299,0.015372625282529,-0.000787118312360026
2452006.5,1.1888304757503,0.0203884812025596,0.11563205699956,-0.0031697230873594,0.0153705915887962,-0.000807230058277498
2452007.5,1.18555725646238,0.0357569333295579,0.114814766553024,-0.0033768797854202,0.0153658596393743,-0.000827352272526905
2452008.5,1.18207639179747,0.0511192877373213,0.113977350207582,-0.00358500959976221,0.0153583894658739,-0.000847481224897741
2452009.5,1.1783869215465,0.0664727861038456,0.113119803137995,-0.00379408653270604,0.0153481408287945,-0.000867613070276625
2452010.5,1.17448791205299,0.0818146297398875,0.112242124422576,-0.00400408347167305,0.015335073236419,-0.00088774384627842
2452011.5,1.17037845734325,0.0971419793467551,0.111344317161642,-0.0042149721584457,0.0153191459650558,-0.000907869470891908
2452012.5,1.16605768028756,0.112451954795036,0.110426388598308,-0.00442672315816542,0.0153003180806817,-0.000927985740145014
2452013.5,1.16152473379238,0.127741634925689,0.109488350241604,-0.00463930582810524,0.0152785484620369,-0.000948088325794964
2452014.5,1.15677880202391,0.143008057374982,0.10853021799189,-0.00485268828625811,0.0152537958252273,-0.000968172773049078
2452015.5,1.15181910166313,0.158248218424806,0.10755201226853,-0.005066837379785,0.0152260187498859,-0.000988234498322266
2452016.5,1.14664488319247,0.173459072879953,0.106553758139786,-0.00528171865337076,0.0151951757069488,-0.00100826878703766
2452017.5,1.14125543221411,0.188637533974,0.105535485454893,-0.00549729631753974,0.0151612250880982,-0.00102827079147723
2452018.5,1.13565007079999,0.203780473305491,0.104497228978248,-0.00571353321698688,0.0151241252369273,-0.0010482355286895
